country,country1,country2,country_others,director,director_cn1,director_cn2,director_en1,director_en2,info,movie_name,ranking,score,score_num,year
美国,美国,,,弗兰克·德拉邦特 Frank Darabont,弗兰克·德拉邦特,,Frank Darabont,,"导演: 弗兰克·德拉邦特 Frank Darabont   主演: 蒂姆·罗宾斯 Tim Robbins /...
                            1994 / 美国 / 犯罪 剧情",肖申克的救赎,1,9.7,1728910,1994
中国大陆 中国香港,中国大陆,中国香港,,陈凯歌 Kaige Chen,陈凯歌,,Kaige Chen,,"导演: 陈凯歌 Kaige Chen   主演: 张国荣 Leslie Cheung / 张丰毅 Fengyi Zha...
                            1993 / 中国大陆 中国香港 / 剧情 爱情 同性",霸王别姬,2,9.6,1278128,1993
美国,美国,,,罗伯特·泽米吉斯 Robert Zemeckis,罗伯特·泽米吉斯,,Robert Zemeckis,,"导演: 罗伯特·泽米吉斯 Robert Zemeckis   主演: 汤姆·汉克斯 Tom Hanks / ...
                            1994 / 美国 / 剧情 爱情",阿甘正传,3,9.5,1334521,1994
法国,法国,,,吕克·贝松 Luc Besson,吕克·贝松,,Luc Besson,,"导演: 吕克·贝松 Luc Besson   主演: 让·雷诺 Jean Reno / 娜塔莉·波特曼 ...
                            1994 / 法国 / 剧情 动作 犯罪",这个杀手不太冷,4,9.4,1528831,1994
美国,美国,,,詹姆斯·卡梅隆 James Cameron,詹姆斯·卡梅隆,,James Cameron,,"导演: 詹姆斯·卡梅隆 James Cameron   主演: 莱昂纳多·迪卡普里奥 Leonardo...
                            1997 / 美国 / 剧情 爱情 灾难",泰坦尼克号,5,9.4,1271403,1997
意大利,意大利,,,罗伯托·贝尼尼 Roberto Benigni,罗伯托·贝尼尼,,Roberto Benigni,,"导演: 罗伯托·贝尼尼 Roberto Benigni   主演: 罗伯托·贝尼尼 Roberto Beni...
                            1997 / 意大利 / 剧情 喜剧 爱情 战争",美丽人生,6,9.5,779264,1997
日本,日本,,,宫崎骏 Hayao Miyazaki,宫崎骏,,Hayao Miyazaki,,"导演: 宫崎骏 Hayao Miyazaki   主演: 柊瑠美 Rumi Hîragi / 入野自由 Miy...
                            2001 / 日本 / 剧情 动画 奇幻",千与千寻,7,9.3,1361758,2001
美国,美国,,,史蒂文·斯皮尔伯格 Steven Spielberg,史蒂文·斯皮尔伯格,,Steven Spielberg,,"导演: 史蒂文·斯皮尔伯格 Steven Spielberg   主演: 连姆·尼森 Liam Neeson...
                            1993 / 美国 / 剧情 历史 战争",辛德勒的名单,8,9.5,686433,1993
美国 英国,美国,英国,,克里斯托弗·诺兰 Christopher Nolan,克里斯托弗·诺兰,,Christopher Nolan,,"导演: 克里斯托弗·诺兰 Christopher Nolan   主演: 莱昂纳多·迪卡普里奥 Le...
                            2010 / 美国 英国 / 剧情 科幻 悬疑 冒险",盗梦空间,9,9.3,1301589,2010
美国 英国,美国,英国,,莱塞·霍尔斯道姆 Lasse Hallström,莱塞·霍尔斯道姆,,Lasse Hallström,,"导演: 莱塞·霍尔斯道姆 Lasse Hallström   主演: 理查·基尔 Richard Ger...
                            2009 / 美国 英国 / 剧情",忠犬八公的故事,10,9.3,881601,2009
意大利,意大利,,,朱塞佩·托纳多雷 Giuseppe Tornatore,朱塞佩·托纳多雷,,Giuseppe Tornatore,,"导演: 朱塞佩·托纳多雷 Giuseppe Tornatore   主演: 蒂姆·罗斯 Tim Roth / ...
                            1998 / 意大利 / 剧情 音乐",海上钢琴师,11,9.3,1058575,1998
美国,美国,,,安德鲁·斯坦顿 Andrew Stanton,安德鲁·斯坦顿,,Andrew Stanton,,"导演: 安德鲁·斯坦顿 Andrew Stanton   主演: 本·贝尔特 Ben Burtt / 艾丽...
                            2008 / 美国 / 科幻 动画 冒险",机器人总动员,12,9.3,860596,2008
印度,印度,,,拉库马·希拉尼 Rajkumar Hirani,拉库马·希拉尼,,Rajkumar Hirani,,"导演: 拉库马·希拉尼 Rajkumar Hirani   主演: 阿米尔·汗 Aamir Khan / 卡...
                            2009 / 印度 / 剧情 喜剧 爱情 歌舞",三傻大闹宝莱坞,13,9.2,1178984,2009
美国,美国,,,彼得·威尔 Peter Weir,彼得·威尔,,Peter Weir,,"导演: 彼得·威尔 Peter Weir   主演: 金·凯瑞 Jim Carrey / 劳拉·琳妮 Lau...
                            1998 / 美国 / 剧情 科幻",楚门的世界,14,9.3,928897,1998
法国 瑞士 德国,法国,瑞士,德国,克里斯托夫·巴拉蒂 Christophe Barratier,克里斯托夫·巴拉蒂,,Christophe Barratier,,"导演: 克里斯托夫·巴拉蒂 Christophe Barratier   主演: 热拉尔·朱尼奥 Gé...
                            2004 / 法国 瑞士 德国 / 剧情 音乐",放牛班的春天,15,9.3,825517,2004
美国 英国 加拿大 冰岛,美国,英国,"加拿大,冰岛",克里斯托弗·诺兰 Christopher Nolan,克里斯托弗·诺兰,,Christopher Nolan,,"导演: 克里斯托弗·诺兰 Christopher Nolan   主演: 马修·麦康纳 Matthew Mc...
                            2014 / 美国 英国 加拿大 冰岛 / 剧情 科幻 冒险",星际穿越,16,9.3,946258,2014
中国香港 中国大陆,中国香港,中国大陆,,刘镇伟 Jeffrey Lau,刘镇伟,,Jeffrey Lau,,"导演: 刘镇伟 Jeffrey Lau   主演: 周星驰 Stephen Chow / 吴孟达 Man Tat Ng...
                            1995 / 中国香港 中国大陆 / 喜剧 爱情 奇幻 古装",大话西游之大圣娶亲,17,9.2,925466,1995
韩国,韩国,,,黄东赫 Dong-hyuk Hwang,黄东赫,,Dong-hyuk Hwang,,"导演: 黄东赫 Dong-hyuk Hwang   主演: 孔侑 Yoo Gong / 郑有美 Yu-mi Jeong ...
                            2011 / 韩国 / 剧情",熔炉,18,9.3,558768,2011
日本,日本,,,宫崎骏 Hayao Miyazaki,宫崎骏,,Hayao Miyazaki,,"导演: 宫崎骏 Hayao Miyazaki   主演: 日高法子 Noriko Hidaka / 坂本千夏 Ch...
                            1988 / 日本 / 动画 奇幻 冒险",龙猫,19,9.2,801799,1988
中国香港,中国香港,,,"刘伟强 , 麦兆辉",刘伟强,麦兆辉,,,"导演: 刘伟强 / 麦兆辉   主演: 刘德华 / 梁朝伟 / 黄秋生
                            2002 / 中国香港 / 剧情 犯罪 悬疑",无间道,20,9.2,759190,2002
美国,美国,,,弗朗西斯·福特·科波拉 Francis Ford Coppola,弗朗西斯·福特·科波拉,,Francis Ford Coppola,,"导演: 弗朗西斯·福特·科波拉 Francis Ford Coppola   主演: 马龙·白兰度 M...
                            1972 / 美国 / 剧情 犯罪",教父,21,9.3,587039,1972
美国,美国,,,"拜伦·霍华德 Byron Howard , 瑞奇·摩尔 Rich Moore",拜伦·霍华德,瑞奇·摩尔,Byron Howard,Rich Moore,"导演: 拜伦·霍华德 Byron Howard / 瑞奇·摩尔 Rich Moore   主演: 金妮弗·...
                            2016 / 美国 / 喜剧 动画 冒险",疯狂动物城,22,9.2,1084028,2016
美国,美国,,,加布里尔·穆奇诺 Gabriele Muccino,加布里尔·穆奇诺,,Gabriele Muccino,,"导演: 加布里尔·穆奇诺 Gabriele Muccino   主演: 威尔·史密斯 Will Smith ...
                            2006 / 美国 / 剧情 传记 家庭",当幸福来敲门,23,9.1,955344,2006
美国,美国,,,罗伯·莱纳 Rob Reiner,罗伯·莱纳,,Rob Reiner,,"导演: 罗伯·莱纳 Rob Reiner   主演: 玛德琳·卡罗尔 Madeline Carroll / 卡...
                            2010 / 美国 / 剧情 喜剧 爱情",怦然心动,24,9.0,1082604,2010
法国,法国,,,"奥利维·那卡什 Olivier Nakache , 艾力克·托兰达 Eric Toledano",奥利维·那卡什,艾力克·托兰达,Olivier Nakache,Eric Toledano,"导演: 奥利维·那卡什 Olivier Nakache / 艾力克·托兰达 Eric Toledano   主...
                            2011 / 法国 / 剧情 喜剧",触不可及,25,9.2,625724,2011
美国 英国,美国,英国,,克里斯托弗·诺兰 Christopher Nolan,克里斯托弗·诺兰,,Christopher Nolan,,"导演: 克里斯托弗·诺兰 Christopher Nolan   主演: 克里斯蒂安·贝尔 Christ...
                            2008 / 美国 英国 / 剧情 动作 科幻 犯罪 惊悚",蝙蝠侠：黑暗骑士,26,9.2,637072,2008
中国大陆 中国香港,中国大陆,中国香港,,张艺谋 Yimou Zhang,张艺谋,,Yimou Zhang,,"导演: 张艺谋 Yimou Zhang   主演: 葛优 You Ge / 巩俐 Li Gong / 姜武 Wu Jiang
                            1994 / 中国大陆 中国香港 / 剧情 历史 家庭",活着,27,9.2,492491,1994
美国,美国,,,比利·怀尔德 Billy Wilder,比利·怀尔德,,Billy Wilder,,"导演: 比利·怀尔德 Billy Wilder   主演: 泰隆·鲍华 Tyrone Power / 玛琳·...
                            1957 / 美国 / 剧情 犯罪 悬疑",控方证人,28,9.6,230052,1957
美国,美国,,,"维克多·弗莱明 Victor Fleming , 乔治·库克 George Cukor",维克多·弗莱明,乔治·库克,Victor Fleming,George Cukor,"导演: 维克多·弗莱明 Victor Fleming / 乔治·库克 George Cukor   主演: 费...
                            1939 / 美国 / 剧情 历史 爱情 战争",乱世佳人,29,9.3,425726,1939
美国 中国台湾 英国 加拿大,美国,中国台湾,"英国,加拿大",李安 Ang Lee,李安,,Ang Lee,,"导演: 李安 Ang Lee   主演: 苏拉·沙玛 Suraj Sharma / 伊尔凡·可汗 Irrfan...
                            2012 / 美国 中国台湾 英国 加拿大 / 剧情 奇幻 冒险",少年派的奇幻漂流,30,9.0,923066,2012
印度,印度,,,涅提·蒂瓦里 Nitesh Tiwari,涅提·蒂瓦里,,Nitesh Tiwari,,"导演: 涅提·蒂瓦里 Nitesh Tiwari   主演: 阿米尔·汗 Aamir Khan / 法缇玛...
                            2016 / 印度 / 剧情 传记 运动 家庭",摔跤吧！爸爸,31,9.0,951327,2016
美国 新西兰,美国,新西兰,,彼得·杰克逊 Peter Jackson,彼得·杰克逊,,Peter Jackson,,"导演: 彼得·杰克逊 Peter Jackson   主演: 维果·莫腾森 Viggo Mortensen / ...
                            2003 / 美国 新西兰 / 剧情 动作 奇幻 冒险",指环王3：王者无敌,32,9.2,468755,2003
美国,美国,,,"彼特·道格特 Pete Docter , 鲍勃·彼德森 Bob Peterson",彼特·道格特,鲍勃·彼德森,Pete Docter,Bob Peterson,"导演: 彼特·道格特 Pete Docter / 鲍勃·彼德森 Bob Peterson   主演: 爱德...
                            2009 / 美国 / 剧情 喜剧 动画 冒险",飞屋环游记,33,9.0,844372,2009
中国大陆,中国大陆,,,姜文 Wen Jiang,姜文,,Wen Jiang,,"导演: 姜文 Wen Jiang   主演: 姜文 Wen Jiang / 香川照之 Teruyuki Kagawa /...
                            2000 / 中国大陆 / 剧情 历史 战争",鬼子来了,34,9.2,395526,2000
美国,美国,,,Sidney Lumet,,,Sidney Lumet,,"导演: Sidney Lumet   主演: 亨利·方达 Henry Fonda / 马丁·鲍尔萨姆 Marti...
                            1957 / 美国 / 剧情",十二怒汉,35,9.4,282236,1957
日本,日本,,,宫崎骏 Hayao Miyazaki,宫崎骏,,Hayao Miyazaki,,"导演: 宫崎骏 Hayao Miyazaki   主演: 田中真弓 Mayumi Tanaka / 横泽启子 Ke...
                            1986 / 日本 / 动画 奇幻 冒险",天空之城,36,9.1,543156,1986
美国,美国,,,"李·昂克里奇 Lee Unkrich , 阿德里安·莫利纳 Adrian Molina",李·昂克里奇,阿德里安·莫利纳,Lee Unkrich,Adrian Molina,"导演: 李·昂克里奇 Lee Unkrich / 阿德里安·莫利纳 Adrian Molina   主演: ...
                            2017 / 美国 / 喜剧 动画 奇幻 音乐",寻梦环游记,37,9.1,906220,2017
英国 意大利 中国大陆 法国,英国,意大利,"中国大陆,法国",贝纳尔多·贝托鲁奇 Bernardo Bertolucci,贝纳尔多·贝托鲁奇,,Bernardo Bertolucci,,"导演: 贝纳尔多·贝托鲁奇 Bernardo Bertolucci   主演: 尊龙 John Lone / 陈...
                            1987 / 英国 意大利 中国大陆 法国 / 剧情 传记 历史",末代皇帝,38,9.2,412388,1987
意大利 法国,意大利,法国,,朱塞佩·托纳多雷 Giuseppe Tornatore,朱塞佩·托纳多雷,,Giuseppe Tornatore,,"导演: 朱塞佩·托纳多雷 Giuseppe Tornatore   主演: 安东内拉·阿蒂利 Anton...
                            1988 / 意大利 法国 / 剧情 爱情",天堂电影院,39,9.2,440995,1988
中国香港 中国大陆,中国香港,中国大陆,,刘镇伟 Jeffrey Lau,刘镇伟,,Jeffrey Lau,,"导演: 刘镇伟 Jeffrey Lau   主演: 周星驰 Stephen Chow / 吴孟达 Man Tat Ng...
                            1995 / 中国香港 中国大陆 / 喜剧 爱情 奇幻 古装",大话西游之月光宝盒,40,9.0,747356,1995
日本,日本,,,宫崎骏 Hayao Miyazaki,宫崎骏,,Hayao Miyazaki,,"导演: 宫崎骏 Hayao Miyazaki   主演: 倍赏千惠子 Chieko Baishô / 木村拓...
                            2004 / 日本 / 动画 奇幻 冒险",哈尔的移动城堡,41,9.0,615807,2004
美国,美国,,,威廉·惠勒 William Wyler,威廉·惠勒,,William Wyler,,"导演: 威廉·惠勒 William Wyler   主演: 奥黛丽·赫本 Audrey Hepburn / 格...
                            1953 / 美国 / 喜剧 剧情 爱情",罗马假日,42,9.0,623588,1953
美国 德国,美国,德国,,大卫·芬奇 David Fincher,大卫·芬奇,,David Fincher,,"导演: 大卫·芬奇 David Fincher   主演: 爱德华·诺顿 Edward Norton / 布拉...
                            1999 / 美国 德国 / 剧情 动作 悬疑 惊悚",搏击俱乐部,43,9.0,579452,1999
韩国,韩国,,,李濬益 Jun-ik Lee,李濬益,,Jun-ik Lee,,"导演: 李濬益 Jun-ik Lee   主演: 薛景求 Kyung-gu Sol / 严志媛 Ji-won Uhm ...
                            2013 / 韩国 / 剧情",素媛,44,9.2,367333,2013
美国,美国,,,马丁·布莱斯 Martin Brest,马丁·布莱斯,,Martin Brest,,"导演: 马丁·布莱斯 Martin Brest   主演: 阿尔·帕西诺 Al Pacino / 克里斯...
                            1992 / 美国 / 剧情",闻香识女人,45,9.0,537683,1992
韩国,韩国,,,杨宇硕 Woo-seok Yang,杨宇硕,,Woo-seok Yang,,"导演: 杨宇硕 Woo-seok Yang   主演: 宋康昊 Kang-ho Song / 吴达洙 Dal-su O...
                            2013 / 韩国 / 剧情",辩护人,46,9.2,374745,2013
黎巴嫩 法国 美国,黎巴嫩,法国,美国,娜丁·拉巴基 Nadine Labaki,娜丁·拉巴基,,Nadine Labaki,,"导演: 娜丁·拉巴基 Nadine Labaki   主演: 扎因·拉费阿 Zain al-Rafeea / ...
                            2018 / 黎巴嫩 法国 美国 / 剧情",何以为家,47,9.1,461763,2018
德国,德国,,,弗洛里安·亨克尔·冯·多纳斯马尔克 Florian Henckel von Donnersmarck,弗洛里安·亨克尔·冯·多纳斯马尔克,,Florian Henckel von Donnersmarck,,"导演: 弗洛里安·亨克尔·冯·多纳斯马尔克 Florian Henckel von Donnersmarck  &n...
                            2006 / 德国 / 剧情 悬疑",窃听风暴,48,9.1,366469,2006
美国,美国,,,彼得·威尔 Peter Weir,彼得·威尔,,Peter Weir,,"导演: 彼得·威尔 Peter Weir   主演: 罗宾·威廉姆斯 Robin Williams / 罗伯...
                            1989 / 美国 / 剧情",死亡诗社,49,9.1,446001,1989
美国,美国,,,弗朗西斯·福特·科波拉 Francis Ford Coppola,弗朗西斯·福特·科波拉,,Francis Ford Coppola,,"导演: 弗朗西斯·福特·科波拉 Francis Ford Coppola   主演: 阿尔·帕西诺 A...
                            1974 / 美国 / 剧情 犯罪",教父2,50,9.2,320923,1974
美国 新西兰,美国,新西兰,,彼得·杰克逊 Peter Jackson,彼得·杰克逊,,Peter Jackson,,"导演: 彼得·杰克逊 Peter Jackson   主演: 伊利亚·伍德 Elijah Wood / 西恩...
                            2002 / 美国 新西兰 / 剧情 动作 奇幻 冒险",指环王2：双塔奇兵,51,9.1,433773,2002
英国,英国,,,Guy Ritchie,,,Guy Ritchie,,"导演: Guy Ritchie   主演: Jason Flemyng / Dexter Fletcher / Nick Moran
                            1998 / 英国 / 剧情 喜剧 犯罪",两杆大烟枪,52,9.1,392185,1998
美国,美国,,,"Roger Allers , 罗伯·明可夫 Rob Minkoff",,罗伯·明可夫,Roger Allers,Rob Minkoff,"导演: Roger Allers / 罗伯·明可夫 Rob Minkoff   主演: 乔纳森·泰勒·托马...
                            1994 / 美国 / 动画 冒险 歌舞",狮子王,53,9.0,485642,1994
美国,美国,,,米洛斯·福尔曼 Miloš Forman,米洛斯·福尔曼,,Miloš Forman,,"导演: 米洛斯·福尔曼 Miloš Forman   主演: 杰克·尼科尔森 Jack Nichols...
                            1975 / 美国 / 剧情",飞越疯人院,54,9.1,396242,1975
新西兰 美国,新西兰,美国,,彼得·杰克逊 Peter Jackson,彼得·杰克逊,,Peter Jackson,,"导演: 彼得·杰克逊 Peter Jackson   主演: 伊利亚·伍德 Elijah Wood / 西恩...
                            2001 / 新西兰 美国 / 剧情 动作 奇幻 冒险",指环王1：魔戒再现,55,9.0,487497,2001
美国 英国 德国,美国,英国,德国,詹姆斯·麦克特格 James McTeigue,詹姆斯·麦克特格,,James McTeigue,,"导演: 詹姆斯·麦克特格 James McTeigue   主演: 娜塔莉·波特曼 Natalie Por...
                            2005 / 美国 英国 德国 / 剧情 动作 科幻 惊悚",V字仇杀队,56,8.9,685429,2005
美国,美国,,,朗·霍华德 Ron Howard,朗·霍华德,,Ron Howard,,"导演: 朗·霍华德 Ron Howard   主演: 罗素·克劳 Russell Crowe / 艾德·哈...
                            2001 / 美国 / 传记 剧情",美丽心灵,57,9.0,478990,2001
中国台湾 美国,中国台湾,美国,,李安 Ang Lee,李安,,Ang Lee,,"导演: 李安 Ang Lee   主演: 郎雄 Sihung Lung / 杨贵媚 Kuei-Mei Yang / 吴...
                            1994 / 中国台湾 美国 / 剧情 家庭",饮食男女,58,9.1,346692,1994
美国 英国,美国,英国,,Chris Columbus,,,Chris Columbus,,"导演: Chris Columbus   主演: Daniel Radcliffe / Emma Watson / Rupert Grint
                            2001 / 美国 英国 / 奇幻 冒险",哈利·波特与魔法石,59,8.9,530221,2001
中国大陆,中国大陆,,,"万籁鸣 Laiming Wan , 唐澄 Cheng  Tang",万籁鸣,唐澄,Laiming Wan,Cheng  Tang,"导演: 万籁鸣 Laiming Wan / 唐澄 Cheng  Tang   主演: 邱岳峰 Yuefeng Qiu /...
                            1961(中国大陆) / 1964(中国大陆) / 1978(中国大陆) / 2004(中国大陆) / 中国大陆 / 动画 奇幻",大闹天宫,60,9.3,219340,1961
法国 德国 英国 波兰,法国,德国,"英国,波兰",罗曼·波兰斯基 Roman Polanski,罗曼·波兰斯基,,Roman Polanski,,"导演: 罗曼·波兰斯基 Roman Polanski   主演: 艾德里安·布洛迪 Adrien Brod...
                            2002 / 法国 德国 英国 波兰 / 剧情 传记 历史 战争 音乐",钢琴家,61,9.1,319407,2002
美国,美国,,,大卫·芬奇 David Fincher,大卫·芬奇,,David Fincher,,"导演: 大卫·芬奇 David Fincher   主演: 凯特·布兰切特 Cate Blanchett / ...
                            2008 / 美国 / 剧情 爱情 奇幻",本杰明·巴顿奇事,62,8.9,627118,2008
美国,美国,,,路易·西霍尤斯 Louie Psihoyos,路易·西霍尤斯,,Louie Psihoyos,,"导演: 路易·西霍尤斯 Louie Psihoyos   主演: Richard O'Barry / 路易·西霍...
                            2009 / 美国 / 纪录片",海豚湾,63,9.3,261482,2009
美国 澳大利亚,美国,澳大利亚,,"安迪·沃卓斯基 Andy Wachowski , 拉娜·沃卓斯基 Lana Wachowski",安迪·沃卓斯基,拉娜·沃卓斯基,Andy Wachowski,Lana Wachowski,"导演: 安迪·沃卓斯基 Andy Wachowski / 拉娜·沃卓斯基 Lana Wachowski   主...
                            1999 / 美国 澳大利亚 / 动作 科幻",黑客帝国,64,9.0,479457,1999
日本,日本,,,岩井俊二 Shunji Iwai,岩井俊二,,Shunji Iwai,,"导演: 岩井俊二 Shunji Iwai   主演: 中山美穗 Miho Nakayama / 丰川悦司 Ets...
                            1995 / 日本 / 剧情 爱情",情书,65,8.9,583899,1995
西班牙,西班牙,,,奥里奥尔·保罗 Oriol Paulo,奥里奥尔·保罗,,Oriol Paulo,,"导演: 奥里奥尔·保罗 Oriol Paulo   主演: 马里奥·卡萨斯 Mario Casas / 阿...
                            2016 / 西班牙 / 剧情 犯罪 悬疑 惊悚",看不见的客人,66,8.8,707725,2016
中国大陆,中国大陆,,,文牧野 Muye Wen,文牧野,,Muye Wen,,"导演: 文牧野 Muye Wen   主演: 徐峥 Zheng Xu / 王传君 Chuanjun Wang / 周...
                            2018 / 中国大陆 / 剧情 喜剧",我不是药神,67,9.0,1307619,2018
中国大陆 中国香港,中国大陆,中国香港,,姜文 Wen Jiang,姜文,,Wen Jiang,,"导演: 姜文 Wen Jiang   主演: 姜文 Wen Jiang / 葛优 You Ge / 周润发 Yun-F...
                            2010 / 中国大陆 中国香港 / 剧情 喜剧 动作 西部",让子弹飞,68,8.8,1023331,2010
美国 加拿大,美国,加拿大,,史蒂文·斯皮尔伯格 Steven Spielberg,史蒂文·斯皮尔伯格,,Steven Spielberg,,"导演: 史蒂文·斯皮尔伯格 Steven Spielberg   主演: 莱昂纳多·迪卡普里奥 L...
                            2002 / 美国 加拿大 / 传记 犯罪 剧情",猫鼠游戏,69,8.9,464364,2002
意大利 美国,意大利,美国,,朱塞佩·托纳多雷 Giuseppe Tornatore,朱塞佩·托纳多雷,,Giuseppe Tornatore,,"导演: 朱塞佩·托纳多雷 Giuseppe Tornatore   主演: 莫妮卡·贝鲁奇 Monica ...
                            2000 / 意大利 美国 / 剧情 战争 情色",西西里的美丽传说,70,8.9,607985,2000
伊朗,伊朗,,,马基德·马基迪 Majid Majidi,马基德·马基迪,,Majid Majidi,,"导演: 马基德·马基迪 Majid Majidi   主演: 法拉赫阿米尔·哈什米安 Amir Fa...
                            1997 / 伊朗 / 剧情 儿童 家庭",小鞋子,71,9.2,242679,1997
美国,美国,,,史蒂文·斯皮尔伯格 Steven Spielberg,史蒂文·斯皮尔伯格,,Steven Spielberg,,"导演: 史蒂文·斯皮尔伯格 Steven Spielberg   主演: 汤姆·汉克斯 Tom Hanks...
                            1998 / 美国 / 剧情 历史 战争",拯救大兵瑞恩,72,9.0,403513,1998
美国 意大利,美国,意大利,,赛尔乔·莱翁内 Sergio Leone,赛尔乔·莱翁内,,Sergio Leone,,"导演: 赛尔乔·莱翁内 Sergio Leone   主演: 罗伯特·德尼罗 Robert De Niro ...
                            1984 / 美国 意大利 / 犯罪 剧情",美国往事,73,9.2,269290,1984
美国,美国,,,罗伯特·怀斯 Robert Wise,罗伯特·怀斯,,Robert Wise,,"导演: 罗伯特·怀斯 Robert Wise   主演: 朱莉·安德鲁斯 Julie Andrews / 克...
                            1965 / 美国 / 剧情 传记 爱情 歌舞",音乐之声,74,9.0,372634,1965
美国 英国,美国,英国,,克里斯托弗·诺兰 Christopher Nolan,克里斯托弗·诺兰,,Christopher Nolan,,"导演: 克里斯托弗·诺兰 Christopher Nolan   主演: 休·杰克曼 Hugh Jackman...
                            2006 / 美国 英国 / 剧情 悬疑 惊悚",致命魔术,75,8.8,536870,2006
美国,美国,,,大卫·芬奇 David Fincher,大卫·芬奇,,David Fincher,,"导演: 大卫·芬奇 David Fincher   主演: 摩根·弗里曼 Morgan Freeman / 布...
                            1995 / 美国 / 剧情 犯罪 悬疑 惊悚",七宗罪,76,8.8,633948,1995
英国 美国,英国,美国,,马克·赫尔曼 Mark Herman,马克·赫尔曼,,Mark Herman,,"导演: 马克·赫尔曼 Mark Herman   主演: 阿萨·巴特菲尔德 Asa Butterfield ...
                            2008 / 英国 美国 / 剧情 战争",穿条纹睡衣的男孩,77,9.1,293815,2008
美国,美国,,,昆汀·塔伦蒂诺 Quentin Tarantino,昆汀·塔伦蒂诺,,Quentin Tarantino,,"导演: 昆汀·塔伦蒂诺 Quentin Tarantino   主演: 约翰·特拉沃尔塔 John Tra...
                            1994 / 美国 / 剧情 喜剧 犯罪",低俗小说,78,8.8,537127,1994
日本,日本,,,中岛哲也 Tetsuya Nakashima,中岛哲也,,Tetsuya Nakashima,,"导演: 中岛哲也 Tetsuya Nakashima   主演: 中谷美纪 Miki Nakatani / 瑛太 E...
                            2006 / 日本 / 剧情 歌舞",被嫌弃的松子的一生,79,8.9,481337,2006
美国,美国,,,乔纳森·戴米 Jonathan Demme,乔纳森·戴米,,Jonathan Demme,,"导演: 乔纳森·戴米 Jonathan Demme   主演: 朱迪·福斯特 Jodie Foster / 安...
                            1991 / 美国 / 剧情 犯罪 惊悚",沉默的羔羊,80,8.8,534969,1991
美国 加拿大,美国,加拿大,,"埃里克·布雷斯 Eric Bress , J·麦基·格鲁伯 J. Mackye Gruber",埃里克·布雷斯,·麦基·格鲁伯,Eric Bress,J J. Mackye Gruber,"导演: 埃里克·布雷斯 Eric Bress / J·麦基·格鲁伯 J. Mackye Gruber   主...
                            2004 / 美国 加拿大 / 剧情 悬疑 科幻 惊悚",蝴蝶效应,81,8.8,589738,2004
中国香港 日本 韩国,中国香港,日本,韩国,王家卫 Kar Wai Wong,王家卫,,Kar Wai Wong,,"导演: 王家卫 Kar Wai Wong   主演: 张国荣 Leslie Cheung / 梁朝伟 Tony Leu...
                            1997 / 中国香港 日本 韩国 / 剧情 爱情 同性",春光乍泄,82,8.9,398740,1997
美国,美国,,,格斯·范·桑特 Gus Van Sant,格斯·范·桑特,,Gus Van Sant,,"导演: 格斯·范·桑特 Gus Van Sant   主演: 马特·达蒙 Matt Damon / 罗宾·...
                            1997 / 美国 / 剧情",心灵捕手,83,8.9,437504,1997
美国,美国,,,Martin Scorsese,,,Martin Scorsese,,"导演: Martin Scorsese   主演: 莱昂纳多·迪卡普里奥 Leonardo DiCaprio / ...
                            2010 / 美国 / 剧情 悬疑 惊悚",禁闭岛,84,8.8,584724,2010
美国,美国,,,梅尔·吉布森 Mel Gibson,梅尔·吉布森,,Mel Gibson,,"导演: 梅尔·吉布森 Mel Gibson   主演: 梅尔·吉布森 Mel Gibson / 苏菲·玛...
                            1995 / 美国 / 动作 传记 剧情 历史 战争",勇敢的心,85,8.9,410560,1995
美国 德国 英国,美国,德国,英国,韦斯·安德森 Wes Anderson,韦斯·安德森,,Wes Anderson,,"导演: 韦斯·安德森 Wes Anderson   主演: 拉尔夫·费因斯 Ralph Fiennes / ...
                            2014 / 美国 德国 英国 / 剧情 喜剧 冒险",布达佩斯大饭店,86,8.8,547973,2014
美国,美国,,,蒂姆·波顿 Tim Burton,蒂姆·波顿,,Tim Burton,,"导演: 蒂姆·波顿 Tim Burton   主演: 约翰尼·德普 Johnny Depp / 薇诺娜·...
                            1990 / 美国 / 剧情 奇幻 爱情",剪刀手爱德华,87,8.7,722406,1990
法国 德国,法国,德国,,让-皮埃尔·热内 Jean-Pierre Jeunet,让皮埃尔·热内,,- Jean-Pierre Jeunet,,"导演: 让-皮埃尔·热内 Jean-Pierre Jeunet   主演: 奥黛丽·塔图 Audrey Tau...
                            2001 / 法国 德国 / 喜剧 爱情",天使爱美丽,88,8.7,698857,2001
美国 英国,美国,英国,,詹姆斯·卡梅隆 James Cameron,詹姆斯·卡梅隆,,James Cameron,,"导演: 詹姆斯·卡梅隆 James Cameron   主演: 萨姆·沃辛顿 Sam Worthington ...
                            2009 / 美国 英国 / 动作 科幻 冒险",阿凡达,89,8.7,851297,2009
美国,美国,,,查理·卓别林 Charles Chaplin,查理·卓别林,,Charles Chaplin,,"导演: 查理·卓别林 Charles Chaplin   主演: 查理·卓别林 Charles Chaplin ...
                            1936 / 美国 / 剧情 喜剧 爱情",摩登时代,90,9.3,168378,1936
美国,美国,,,戈尔·维宾斯基 Gore Verbinski,戈尔·维宾斯基,,Gore Verbinski,,"导演: 戈尔·维宾斯基 Gore Verbinski   主演: 约翰尼·德普 Johnny Depp / ...
                            2003 / 美国 / 动作 冒险 奇幻",加勒比海盗,91,8.7,562456,2003
美国,美国,,,James Mangold,,,James Mangold,,"导演: James Mangold   主演: John Cusack / Ray Liotta / Amanda Peet
                            2003 / 美国 / 剧情 悬疑 惊悚",致命ID,92,8.8,490514,2003
美国 加拿大,美国,加拿大,,李安 Ang Lee,李安,,Ang Lee,,"导演: 李安 Ang Lee   主演: 希斯·莱杰 Heath Ledger / 杰克·吉伦哈尔 Jake...
                            2005 / 美国 加拿大 / 剧情 爱情 同性 家庭",断背山,93,8.8,482888,2005
日本,日本,,,宫崎骏 Hayao Miyazaki,宫崎骏,,Hayao Miyazaki,,"导演: 宫崎骏 Hayao Miyazaki   主演: 松田洋治 Yôji Matsuda / 石田百合...
                            1997 / 日本 / 动画 奇幻 冒险",幽灵公主,94,8.9,356294,1997
日本,日本,,,泷田洋二郎 Yôjirô Takita,泷田洋二郎,,Yôjirô Takita,,"导演: 泷田洋二郎 Yôjirô Takita   主演: 本木雅弘 Masahiro Motoki / ...
                            2008 / 日本 / 剧情",入殓师,95,8.8,420871,2008
中国香港,中国香港,,,"周星驰 Stephen Chow , 李力持 Lik-Chi Lee",周星驰,李力持,Stephen Chow,Lik-Chi Lee,"导演: 周星驰 Stephen Chow / 李力持 Lik-Chi Lee   主演: 周星驰 Stephen Ch...
                            1999 / 中国香港 / 喜剧 剧情 爱情",喜剧之王,96,8.7,569473,1999
中国大陆 中国香港,中国大陆,中国香港,,姜文 Wen Jiang,姜文,,Wen Jiang,,"导演: 姜文 Wen Jiang   主演: 夏雨 Yu Xia / 宁静 Jing Ning / 陶虹 Hong Tao
                            1994 / 中国大陆 中国香港 / 剧情 爱情",阳光灿烂的日子,97,8.8,406803,1994
丹麦 瑞典,丹麦,瑞典,,托马斯·温特伯格 Thomas Vinterberg,托马斯·温特伯格,,Thomas Vinterberg,,"导演: 托马斯·温特伯格 Thomas Vinterberg   主演: 麦斯·米科尔森 Mads Mik...
                            2012 / 丹麦 瑞典 / 剧情",狩猎,98,9.1,214209,2012
中国香港,中国香港,,,王家卫 Kar Wai Wong,王家卫,,Kar Wai Wong,,"导演: 王家卫 Kar Wai Wong   主演: 林青霞 Brigitte Lin / 金城武 Takeshi K...
                            1994 / 中国香港 / 剧情 爱情",重庆森林,99,8.7,507527,1994
美国,美国,,,M·奈特·沙马兰 M. Night Shyamalan,·奈特·沙马兰,,M M. Night Shyamalan,,"导演: M·奈特·沙马兰 M. Night Shyamalan   主演: 布鲁斯·威利斯 Bruce Wi...
                            1999 / 美国 / 剧情 悬疑 惊悚",第六感,100,8.9,349322,1999
德国 瑞士 南非,德国,瑞士,南非,阿兰·葛斯彭纳 Alain Gsponer,阿兰·葛斯彭纳,,Alain Gsponer,,"导演: 阿兰·葛斯彭纳 Alain Gsponer   主演: 阿努克·斯特芬 Anuk Steffen /...
                            2015 / 德国 瑞士 南非 / 剧情 冒险 家庭",海蒂和爷爷,101,9.2,180489,2015
韩国,韩国,,,奉俊昊 Joon-ho Bong,奉俊昊,,Joon-ho Bong,,"导演: 奉俊昊 Joon-ho Bong   主演: 宋康昊 Kang-ho Song / 金相庆 Sang-kyun...
                            2003 / 韩国 / 犯罪 剧情 悬疑 惊悚",杀人回忆,102,8.8,381775,2003
澳大利亚,澳大利亚,,,亚当·艾略特 Adam Elliot,亚当·艾略特,,Adam Elliot,,"导演: 亚当·艾略特 Adam Elliot   主演: 托妮·科莱特 Toni Collette / 菲利...
                            2009 / 澳大利亚 / 剧情 喜剧 动画",玛丽和马克思,103,8.9,305049,2009
日本,日本,,,森淳一 Junichi Mori,森淳一,,Junichi Mori,,"导演: 森淳一 Junichi Mori   主演: 桥本爱 Ai Hashimoto / 三浦贵大 Takahir...
                            2014 / 日本 / 剧情",小森林 夏秋篇,104,9.0,251412,2014
美国,美国,,,大卫·芬奇 David Fincher,大卫·芬奇,,David Fincher,,"导演: 大卫·芬奇 David Fincher   主演: 本·阿弗莱克 Ben Affleck / 罗莎蒙...
                            2014 / 美国 / 剧情 犯罪 悬疑 惊悚",消失的爱人,105,8.7,568931,2014
意大利 法国 巴西 美国 荷兰 德国,意大利,法国,"巴西,美国,荷兰,德国",卢卡·瓜达尼诺 Luca Guadagnino,卢卡·瓜达尼诺,,Luca Guadagnino,,"导演: 卢卡·瓜达尼诺 Luca Guadagnino   主演: 艾米·汉莫 Armie Hammer / ...
                            2017 / 意大利 法国 巴西 美国 荷兰 德国 / 剧情 爱情 同性",请以你的名字呼唤我,106,8.8,367354,2017
日本,日本,,,中岛哲也 Tetsuya Nakashima,中岛哲也,,Tetsuya Nakashima,,"导演: 中岛哲也 Tetsuya Nakashima   主演: 松隆子 Takako Matsu / 冈田将生 ...
                            2010 / 日本 / 剧情 惊悚",告白,107,8.7,497475,2010
中国台湾 日本,中国台湾,日本,,杨德昌 Edward Yang,杨德昌,,Edward Yang,,"导演: 杨德昌 Edward Yang   主演: 吴念真 / 李凯莉 Kelly Lee / 金燕玲 Elai...
                            2000 / 中国台湾 日本 / 剧情 爱情 家庭",一一,108,9.0,224559,2000
美国,美国,,,蒂姆·波顿 Tim Burton,蒂姆·波顿,,Tim Burton,,"导演: 蒂姆·波顿 Tim Burton   主演: 伊万·麦克格雷格 Ewan McGregor / 阿...
                            2003 / 美国 / 剧情 家庭 奇幻 冒险",大鱼,109,8.8,374192,2003
美国 奥地利 瑞士,美国,奥地利,瑞士,理查德·林克莱特 Richard Linklater,理查德·林克莱特,,Richard Linklater,,"导演: 理查德·林克莱特 Richard Linklater   主演: 伊桑·霍克 Ethan Hawke ...
                            1995 / 美国 奥地利 瑞士 / 剧情 爱情",爱在黎明破晓前,110,8.8,356384,1995
日本,日本,,,今敏 Satoshi Kon,今敏,,Satoshi Kon,,"导演: 今敏 Satoshi Kon   主演: 林原惠美 Megumi Hayashibara / 江守彻 Toru...
                            2006 / 日本 / 动画 悬疑 科幻 惊悚",红辣椒,111,9.0,235364,2006
韩国,韩国,,,姜炯哲 Hyeong-Cheol Kang,姜炯哲,,Hyeong-Cheol Kang,,"导演: 姜炯哲 Hyeong-Cheol Kang   主演: 沈恩京 Eun-kyung Shim / 闵孝琳 Hy...
                            2011 / 韩国 / 剧情 喜剧",阳光姐妹淘,112,8.8,406700,2011
日本,日本,,,近藤喜文 Yoshifumi Kondo,近藤喜文,,Yoshifumi Kondo,,"导演: 近藤喜文 Yoshifumi Kondo   主演: 本名阳子 Youko Honna / 小林桂树 K...
                            1995 / 日本 / 剧情 爱情 动画",侧耳倾听,113,8.9,280505,1995
韩国,韩国,,,李焕庆 Hwan-kyeong Lee,李焕庆,,Hwan-kyeong Lee,,"导演: 李焕庆 Hwan-kyeong Lee   主演: 柳承龙 Seung-yong Ryoo / 朴信惠 Shi...
                            2013 / 韩国 / 剧情 喜剧 家庭",7号房的礼物,114,8.8,310263,2013
中国香港,中国香港,,,刘镇伟 Jeffrey Lau,刘镇伟,,Jeffrey Lau,,"导演: 刘镇伟 Jeffrey Lau   主演: 梁朝伟 Tony Leung Chiu Wai / 林青霞 Bri...
                            1993 / 中国香港 / 喜剧 奇幻 武侠 古装",射雕英雄传之东成西就,115,8.7,413195,1993
美国 英国,美国,英国,,大卫·叶茨 David Yates,大卫·叶茨,,David Yates,,"导演: 大卫·叶茨 David Yates   主演: 丹尼尔·雷德克里夫 Daniel Radcliffe...
                            2011 / 美国 英国 / 剧情 悬疑 奇幻 冒险",哈利·波特与死亡圣器(下),116,8.8,449425,2011
中国香港,中国香港,,,陈可辛 Peter Chan,陈可辛,,Peter Chan,,"导演: 陈可辛 Peter Chan   主演: 黎明 Leon Lai / 张曼玉 Maggie Cheung / ...
                            1996 / 中国香港 / 剧情 爱情",甜蜜蜜,117,8.8,328853,1996
美国,美国,,,托尼·凯耶 Tony Kaye,托尼·凯耶,,Tony Kaye,,"导演: 托尼·凯耶 Tony Kaye   主演: 艾德里安·布洛迪 Adrien Brody / 马西...
                            2011 / 美国 / 剧情",超脱,118,8.9,284630,2011
中国香港,中国香港,,,程小东 Siu-Tung Ching,程小东,,Siu-Tung Ching,,"导演: 程小东 Siu-Tung Ching   主演: 张国荣 Leslie Cheung / 王祖贤 Joey W...
                            1987 / 中国香港 / 爱情 奇幻 武侠 古装",倩女幽魂,119,8.7,438261,1987
日本,日本,,,森淳一 Junichi Mori,森淳一,,Junichi Mori,,"导演: 森淳一 Junichi Mori   主演: 桥本爱 Ai Hashimoto / 三浦贵大 Takahir...
                            2015 / 日本 / 剧情",小森林 冬春篇,120,9.0,218644,2015
美国,美国,,,"迪恩·德布洛斯 Dean DeBlois , 克里斯·桑德斯 Chris Sanders",迪恩·德布洛斯,克里斯·桑德斯,Dean DeBlois,Chris Sanders,"导演: 迪恩·德布洛斯 Dean DeBlois / 克里斯·桑德斯 Chris Sanders   主演:...
                            2010 / 美国 / 动画 奇幻 冒险",驯龙高手,121,8.7,476142,2010
美国 英国,美国,英国,,克里斯托弗·诺兰 Christopher Nolan,克里斯托弗·诺兰,,Christopher Nolan,,"导演: 克里斯托弗·诺兰 Christopher Nolan   主演: 克里斯蒂安·贝尔 Christ...
                            2012 / 美国 英国 / 剧情 动作 科幻 犯罪 惊悚",蝙蝠侠：黑暗骑士崛起,122,8.7,454048,2012
日本,日本,,,北野武 Takeshi Kitano,北野武,,Takeshi Kitano,,"导演: 北野武 Takeshi Kitano   主演: 北野武 Takeshi Kitano / 关口雄介 Yus...
                            1999 / 日本 / 剧情 喜剧",菊次郎的夏天,123,8.8,313776,1999
中国香港,中国香港,,,李力持 Lik-Chi Lee,李力持,,Lik-Chi Lee,,"导演: 李力持 Lik-Chi Lee   主演: 周星驰 Stephen Chow / 巩俐 Li Gong / 陈...
                            1993 / 中国香港 / 喜剧 爱情 古装",唐伯虎点秋香,124,8.6,609055,1993
韩国,韩国,,,金秉祐 Byeong-woo Kim,金秉祐,,Byeong-woo Kim,,"导演: 金秉祐 Byeong-woo Kim   主演: 河正宇 Jung-woo Ha / 李璟荣 Kyeong-y...
                            2013 / 韩国 / 剧情 犯罪 悬疑",恐怖直播,125,8.8,382800,2013
美国,美国,,,理查德·林克莱特 Richard Linklater,理查德·林克莱特,,Richard Linklater,,"导演: 理查德·林克莱特 Richard Linklater   主演: 伊桑·霍克 Ethan Hawke ...
                            2004 / 美国 / 剧情 爱情",爱在日落黄昏时,126,8.8,310006,2004
日本,日本,,,大森贵弘 Takahiro Omori,大森贵弘,,Takahiro Omori,,"导演: 大森贵弘 Takahiro Omori   主演: 佐仓绫音 Ayane Sakura / 内山昂辉 K...
                            2011 / 日本 / 剧情 爱情 动画 奇幻",萤火之森,127,8.8,293048,2011
美国,美国,,,史蒂文·斯皮尔伯格 Steven Spielberg,史蒂文·斯皮尔伯格,,Steven Spielberg,,"导演: 史蒂文·斯皮尔伯格 Steven Spielberg   主演: 汤姆·汉克斯 Tom Hanks...
                            2004 / 美国 / 喜剧 剧情 爱情",幸福终点站,128,8.8,335407,2004
美国,美国,,,"唐·霍尔 Don Hall , 克里斯·威廉姆斯 Chris Williams",唐·霍尔,克里斯·威廉姆斯,Don Hall,Chris Williams,"导演: 唐·霍尔 Don Hall / 克里斯·威廉姆斯 Chris Williams   主演: 斯科特...
                            2014 / 美国 / 喜剧 动作 科幻 动画 冒险",超能陆战队,129,8.7,617262,2014
日本,日本,,,米林宏昌 Hiromasa Yonebayashi,米林宏昌,,Hiromasa Yonebayashi,,"导演: 米林宏昌 Hiromasa Yonebayashi   主演: 志田未来 Mirai Shida / 神木...
                            2010 / 日本 / 动画 奇幻 冒险",借东西的小人阿莉埃蒂,130,8.8,333094,2010
美国,美国,,,彼得·法雷里 Peter Farrelly,彼得·法雷里,,Peter Farrelly,,"导演: 彼得·法雷里 Peter Farrelly   主演: 维果·莫腾森 Viggo Mortensen /...
                            2018 / 美国 / 剧情 喜剧 传记",绿皮书,131,8.9,869319,2018
日本,日本,,,宫崎骏 Hayao Miyazaki,宫崎骏,,Hayao Miyazaki,,"导演: 宫崎骏 Hayao Miyazaki   主演: 岛本须美 Sumi Shimamoto / 松田洋治 Y...
                            1984 / 日本 / 动画 奇幻 冒险",风之谷,132,8.8,259097,1984
日本,日本,,,是枝裕和 Hirokazu Koreeda,是枝裕和,,Hirokazu Koreeda,,"导演: 是枝裕和 Hirokazu Koreeda   主演: 柳乐优弥 Yûya Yagira / 北浦爱...
                            2004 / 日本 / 剧情",无人知晓,133,9.1,154128,2004
美国 法国,美国,法国,,"皮艾尔·柯芬 Pierre Coffin , 克里斯·雷纳德 Chris Renaud",皮艾尔·柯芬,克里斯·雷纳德,Pierre Coffin,Chris Renaud,"导演: 皮艾尔·柯芬 Pierre Coffin / 克里斯·雷纳德 Chris Renaud   主演: ...
                            2010 / 美国 法国 / 喜剧 动画 冒险",神偷奶爸,134,8.6,621869,2010
巴西 法国,巴西,法国,,"费尔南多·梅里尔斯 Fernando Meirelles , 卡迪亚·兰德 Kátia Lund",费尔南多·梅里尔斯,卡迪亚·兰德,Fernando Meirelles,Kátia Lund,"导演: 费尔南多·梅里尔斯 Fernando Meirelles / 卡迪亚·兰德 Kátia Lund  &nbsp...
                            2002 / 巴西 法国 / 犯罪 剧情",上帝之城,135,8.9,211934,2002
美国,美国,,,"彼特·道格特 Pete Docter , 大卫·斯沃曼 David Silverman",彼特·道格特,大卫·斯沃曼,Pete Docter,David Silverman,"导演: 彼特·道格特 Pete Docter / 大卫·斯沃曼 David Silverman   主演: 约...
                            2001 / 美国 / 儿童 喜剧 动画 奇幻 冒险",怪兽电力公司,136,8.7,395739,2001
美国,美国,,,李·昂克里奇 Lee Unkrich,李·昂克里奇,,Lee Unkrich,,"导演: 李·昂克里奇 Lee Unkrich   主演: 汤姆·汉克斯 Tom Hanks / 蒂姆·艾...
                            2010 / 美国 / 喜剧 动画 奇幻 冒险",玩具总动员3,137,8.8,306911,2010
美国 澳大利亚,美国,澳大利亚,,梅尔·吉布森 Mel Gibson,梅尔·吉布森,,Mel Gibson,,"导演: 梅尔·吉布森 Mel Gibson   主演: 安德鲁·加菲尔德 Andrew Garfield /...
                            2016 / 美国 澳大利亚 / 剧情 传记 历史 战争",血战钢锯岭,138,8.7,514380,2016
美国,美国,,,詹姆斯·温 James Wan,詹姆斯·温,,James Wan,,"导演: 詹姆斯·温 James Wan   主演: 雷·沃纳尔 Leigh Whannell / 加利·艾...
                            2004 / 美国 / 悬疑 惊悚 恐怖",电锯惊魂,139,8.7,315465,2004
中国香港 中国大陆,中国香港,中国大陆,,罗启锐 Alex Law,罗启锐,,Alex Law,,"导演: 罗启锐 Alex Law   主演: 吴君如 Sandra Ng / 任达华 Simon Yam / 钟绍...
                            2010 / 中国香港 中国大陆 / 剧情 家庭",岁月神偷,140,8.7,419084,2010
中国台湾 美国,中国台湾,美国,,李安 Ang Lee,李安,,Ang Lee,,"导演: 李安 Ang Lee   主演: 赵文瑄 Winston Chao / 郎雄 Sihung Lung / 归亚...
                            1993 / 中国台湾 美国 / 剧情 喜剧 爱情 同性 家庭",喜宴,141,8.9,213209,1993
日本,日本,,,黑泽明 Akira Kurosawa,黑泽明,,Akira Kurosawa,,"导演: 黑泽明 Akira Kurosawa   主演: 三船敏郎 Toshirô Mifune / 志村乔 ...
                            1954 / 日本 / 动作 冒险 剧情",七武士,142,9.2,119302,1954
美国 德国,美国,德国,,保罗·格林格拉斯 Paul Greengrass,保罗·格林格拉斯,,Paul Greengrass,,"导演: 保罗·格林格拉斯 Paul Greengrass   主演: 马特·达蒙 Matt Damon / ...
                            2007 / 美国 德国 / 动作 悬疑 惊悚",谍影重重3,143,8.8,275155,2007
美国,美国,,,克林特·伊斯特伍德 Clint Eastwood,克林特·伊斯特伍德,,Clint Eastwood,,"导演: 克林特·伊斯特伍德 Clint Eastwood   主演: 凯文·科斯特纳 Kevin Cos...
                            1993 / 美国 / 剧情 犯罪",完美的世界,144,9.1,142349,1993
中国香港,中国香港,,,吴宇森 John Woo,吴宇森,,John Woo,,"导演: 吴宇森 John Woo   主演: 周润发 Yun-Fat Chow / 狄龙 Lung Ti / 张国...
                            1986 / 中国香港 / 剧情 动作 犯罪",英雄本色,145,8.7,307453,1986
英国,英国,,,理查德·柯蒂斯 Richard Curtis,理查德·柯蒂斯,,Richard Curtis,,"导演: 理查德·柯蒂斯 Richard Curtis   主演: 多姆纳尔·格里森 Domhnall Gl...
                            2013 / 英国 / 喜剧 爱情 奇幻",时空恋旅人,146,8.7,333067,2013
法国 英国 美国,法国,英国,美国,乔·怀特 Joe Wright,乔·怀特,,Joe Wright,,"导演: 乔·怀特 Joe Wright   主演: 凯拉·奈特莉 Keira Knightley / 马修·...
                            2005 / 法国 英国 美国 / 剧情 爱情",傲慢与偏见,147,8.6,466778,2005
美国,美国,,,"科克·德·米科 Kirk De Micco , 克里斯·桑德斯 Chris Sanders",科克·德·米科,克里斯·桑德斯,Kirk De Micco,Chris Sanders,"导演: 科克·德·米科 Kirk De Micco / 克里斯·桑德斯 Chris Sanders   主演...
                            2013 / 美国 / 喜剧 动画 冒险",疯狂原始人,148,8.7,557230,2013
日本,日本,,,高畑勋 Isao Takahata,高畑勋,,Isao Takahata,,"导演: 高畑勋 Isao Takahata   主演: 辰己努 / 白石绫乃 / 志乃原良子
                            1988 / 日本 / 动画 剧情 战争",萤火虫之墓,149,8.7,290621,1988
中国香港 中国台湾,中国香港,中国台湾,,王家卫 Kar Wai Wong,王家卫,,Kar Wai Wong,,"导演: 王家卫 Kar Wai Wong   主演: 张国荣 Leslie Cheung / 林青霞 Brigitte...
                            1994 / 中国香港 中国台湾 / 剧情 动作 爱情 武侠 古装",东邪西毒,150,8.6,390705,1994
美国,美国,,,弗朗西斯·福特·科波拉 Francis Ford Coppola,弗朗西斯·福特·科波拉,,Francis Ford Coppola,,"导演: 弗朗西斯·福特·科波拉 Francis Ford Coppola   主演: 阿尔·帕西诺 A...
                            1990 / 美国 / 剧情 犯罪",教父3,151,8.9,211486,1990
英国 美国 法国,英国,美国,法国,理查德·柯蒂斯 Richard Curtis,理查德·柯蒂斯,,Richard Curtis,,"导演: 理查德·柯蒂斯 Richard Curtis   主演: 休·格兰特 Hugh Grant / 柯林...
                            2003 / 英国 美国 法国 / 喜剧 剧情 爱情",真爱至上,152,8.6,457515,2003
美国,美国,,,达米恩·查泽雷 Damien Chazelle,达米恩·查泽雷,,Damien Chazelle,,"导演: 达米恩·查泽雷 Damien Chazelle   主演: 迈尔斯·特勒 Miles Teller /...
                            2014 / 美国 / 剧情 音乐",爆裂鼓手,153,8.7,347644,2014
中国大陆,中国大陆,,,忻钰坤 Yukun Xin,忻钰坤,,Yukun Xin,,"导演: 忻钰坤 Yukun Xin   主演: 霍卫民 Weimin Huo / 王笑天 Xiaotian Wang ...
                            2014 / 中国大陆 / 剧情 犯罪 悬疑",心迷宫,154,8.7,301592,2014
美国,美国,,,昆汀·塔伦蒂诺 Quentin Tarantino,昆汀·塔伦蒂诺,,Quentin Tarantino,,"导演: 昆汀·塔伦蒂诺 Quentin Tarantino   主演: 杰米·福克斯 Jamie Foxx /...
                            2012 / 美国 / 剧情 动作 西部 冒险",被解救的姜戈,155,8.7,389477,2012
中国香港,中国香港,,,吴宇森 John Woo,吴宇森,,John Woo,,"导演: 吴宇森 John Woo   主演: 周润发 Yun-Fat Chow / 张国荣 Leslie Cheung...
                            1991 / 中国香港 / 剧情 喜剧 动作 犯罪",纵横四海,156,8.8,249618,1991
英国 美国,英国,美国,,"丹尼·鲍尔 Danny Boyle , 洛芙琳·坦丹 Loveleen Tandan",丹尼·鲍尔,洛芙琳·坦丹,Danny Boyle,Loveleen Tandan,"导演: 丹尼·鲍尔 Danny Boyle / 洛芙琳·坦丹 Loveleen Tandan   主演: 戴夫...
                            2008 / 英国 美国 / 剧情 爱情",贫民窟的百万富翁,157,8.6,522658,2008
美国,美国,,,克里斯托弗·诺兰 Christopher Nolan,克里斯托弗·诺兰,,Christopher Nolan,,"导演: 克里斯托弗·诺兰 Christopher Nolan   主演: 盖·皮尔斯 Guy Pearce /...
                            2000 / 美国 / 犯罪 剧情 悬疑 惊悚",记忆碎片,158,8.6,397493,2000
美国 英国,美国,英国,,马丁·麦克唐纳 Martin McDonagh,马丁·麦克唐纳,,Martin McDonagh,,"导演: 马丁·麦克唐纳 Martin McDonagh   主演: 弗兰西斯·麦克多蒙德 France...
                            2017 / 美国 英国 / 剧情 犯罪",三块广告牌,159,8.7,538213,2017
美国,美国,,,达伦·阿罗诺夫斯基 Darren Aronofsky,达伦·阿罗诺夫斯基,,Darren Aronofsky,,"导演: 达伦·阿罗诺夫斯基 Darren Aronofsky   主演: 娜塔莉·波特曼 Natalie...
                            2010 / 美国 / 剧情 惊悚",黑天鹅,160,8.5,581617,2010
阿根廷 西班牙,阿根廷,西班牙,,达米安·斯兹弗隆 Damián Szifron,达米安·斯兹弗隆,,Damián Szifron,,"导演: 达米安·斯兹弗隆 Damián Szifron   主演: 达里奥·葛兰帝内提 Darío...
                            2014 / 阿根廷 西班牙 / 剧情 喜剧 犯罪",荒蛮故事,161,8.8,248463,2014
美国,美国,,,让-马克·瓦雷 Jean-Marc Vallée,让马克·瓦雷,,- Jean-Marc Vallée,,"导演: 让-马克·瓦雷 Jean-Marc Vallée   主演: 马修·麦康纳 Matthew McCon...
                            2013 / 美国 / 剧情 传记 同性",达拉斯买家俱乐部,162,8.8,285948,2013
中国大陆,中国大陆,,,"严定宪 Dingxian Yan , 王树忱 Shuchen Wang",严定宪,王树忱,Dingxian Yan,Shuchen Wang,"导演: 严定宪 Dingxian Yan / 王树忱 Shuchen Wang   主演: 梁正晖 Zhenghui ...
                            1979 / 中国大陆 / 冒险 动画 奇幻",哪吒闹海,163,9.0,147818,1979
美国,美国,,,杰茜·尼尔森 Jessie Nelson,杰茜·尼尔森,,Jessie Nelson,,"导演: 杰茜·尼尔森 Jessie Nelson   主演: Sean Penn / Dakota Fanning / Mi...
                            2001 / 美国 / 剧情 家庭",我是山姆,164,8.9,177187,2001
日本,日本,,,新海诚 Makoto Shinkai,新海诚,,Makoto Shinkai,,"导演: 新海诚 Makoto Shinkai   主演: 神木隆之介 Ryûnosuke Kamiki / 上...
                            2016 / 日本 / 剧情 爱情 动画",你的名字。,165,8.4,845428,2016
中国香港,中国香港,,,王家卫 Kar Wai Wong,王家卫,,Kar Wai Wong,,"导演: 王家卫 Kar Wai Wong   主演: 梁朝伟 Tony Leung Chiu Wai / 张曼玉 Ma...
                            2000 / 中国香港 / 剧情 爱情",花样年华,166,8.6,361683,2000
美国,美国,,,巴瑞·莱文森 Barry Levinson,巴瑞·莱文森,,Barry Levinson,,"导演: 巴瑞·莱文森 Barry Levinson   主演: 达斯汀·霍夫曼 Dustin Hoffman ...
                            1988 / 美国 / 剧情",雨人,167,8.7,283207,1988
英国 南非 意大利,英国,南非,意大利,特瑞·乔治 Terry George,特瑞·乔治,,Terry George,,"导演: 特瑞·乔治 Terry George   主演: 唐·钱德尔 Don Cheadle / 苏菲·奥...
                            2004 / 英国 南非 意大利 / 剧情 历史 战争",卢旺达饭店,168,8.9,176154,2004
中国大陆,中国大陆,,,"王树忱 Shuchen Wang , 钱运达 Yunda Qian",王树忱,钱运达,Shuchen Wang,Yunda Qian,"导演: 王树忱 Shuchen Wang / 钱运达 Yunda Qian   主演: 丁建华 Jianhua Din...
                            1983(中国大陆) / 2019(中国大陆重映) / 中国大陆 / 动画 奇幻",天书奇谭,169,9.2,110236,1983
美国,美国,,,史蒂文·斯皮尔伯格 Steven Spielberg,史蒂文·斯皮尔伯格,,Steven Spielberg,,"导演: 史蒂文·斯皮尔伯格 Steven Spielberg   主演: 泰伊·谢里丹 Tye Sheri...
                            2018 / 美国 / 动作 科幻 冒险",头号玩家,170,8.7,901853,2018
美国,美国,,,"彼特·道格特 Pete Docter , 罗纳尔多·德尔·卡门 Ronaldo Del Carmen",彼特·道格特,罗纳尔多·德尔·卡门,Pete Docter,Ronaldo Del Carmen,"导演: 彼特·道格特 Pete Docter / 罗纳尔多·德尔·卡门 Ronaldo Del Carmen  &nb...
                            2015 / 美国 / 喜剧 动画 冒险",头脑特工队,171,8.7,368856,2015
中国大陆 中国香港,中国大陆,中国香港,,周星驰 Stephen Chow,周星驰,,Stephen Chow,,"导演: 周星驰 Stephen Chow   主演: 周星驰 Stephen Chow / 元秋 Qiu Yuen / ...
                            2004 / 中国大陆 中国香港 / 动作 喜剧 犯罪 奇幻",功夫,172,8.5,537200,2004
日本,日本,,,藤森雅也 Masaya Fujimori,藤森雅也,,Masaya Fujimori,,"导演: 藤森雅也 Masaya Fujimori   主演: 山口胜平 Kappei Yamaguchi / 爱河...
                            2010 / 日本 / 剧情 动画 儿童",你看起来好像很好吃,173,8.8,218013,2010
美国,美国,,,瑞奇·莫尔 Rich Moore,瑞奇·莫尔,,Rich Moore,,"导演: 瑞奇·莫尔 Rich Moore   主演: 约翰·C·赖利 John C. Reilly / 萨拉...
                            2012 / 美国 / 喜剧 动画 奇幻 冒险",无敌破坏王,174,8.7,333352,2012
美国,美国,,,肯尼斯·罗纳根 Kenneth Lonergan,肯尼斯·罗纳根,,Kenneth Lonergan,,"导演: 肯尼斯·罗纳根 Kenneth Lonergan   主演: 卡西·阿弗莱克 Casey Affle...
                            2016 / 美国 / 剧情 家庭",海边的曼彻斯特,175,8.6,317264,2016
日本,日本,,,Seijirô Kôyama,,,Seijirô Kôyama,,"导演: Seijirô Kôyama   主演: 山本圭 Kei Yamamoto / 井川比佐志 Hisa...
                            1987 / 日本 / 剧情",忠犬八公物语,176,9.1,109468,1987
日本,日本,,,今敏 Satoshi Kon,今敏,,Satoshi Kon,,"导演: 今敏 Satoshi Kon   主演: 岩男润子 Junko Iwao / 松本梨香 Rica Matsu...
                            1997 / 日本 / 动画 奇幻 惊悚",未麻的部屋,177,8.9,163224,1997
美国,美国,,,尼克·卡索维茨 Nick Cassavetes,尼克·卡索维茨,,Nick Cassavetes,,"导演: 尼克·卡索维茨 Nick Cassavetes   主演: 瑞恩·高斯林 Ryan Gosling /...
                            2004 / 美国 / 剧情 爱情",恋恋笔记本,178,8.5,413217,2004
瑞典,瑞典,,,汉内斯·赫尔姆 Hannes Holm,汉内斯·赫尔姆,,Hannes Holm,,"导演: 汉内斯·赫尔姆 Hannes Holm   主演: 罗夫·拉斯加德 Rolf Lassgård...
                            2015 / 瑞典 / 剧情",一个叫欧维的男人决定去死,179,8.8,218807,2015
美国,美国,,,"卡洛斯·沙尔丹哈 Carlos Saldanha , 克里斯·韦奇 Chris Wedge",卡洛斯·沙尔丹哈,克里斯·韦奇,Carlos Saldanha,Chris Wedge,"导演: 卡洛斯·沙尔丹哈 Carlos Saldanha / 克里斯·韦奇 Chris Wedge   主演...
                            2002 / 美国 / 喜剧 动画 冒险",冰川时代,180,8.5,407913,2002
英国 美国,英国,美国,,莫滕·泰杜姆 Morten Tyldum,莫滕·泰杜姆,,Morten Tyldum,,"导演: 莫滕·泰杜姆 Morten Tyldum   主演: 本尼迪克特·康伯巴奇 Benedict C...
                            2014 / 英国 美国 / 剧情 传记 战争 同性",模仿游戏,181,8.6,382289,2014
中国大陆,中国大陆,,,郭柯 Ke Guo,郭柯,,Ke Guo,,"导演: 郭柯 Ke Guo   主演: 
                            2015 / 中国大陆 / 纪录片",二十二,182,8.7,187401,2015
法国 英国,法国,英国,,杰拉尔·乌里 Gérard Oury,杰拉尔·乌里,,Gérard Oury,,"导演: 杰拉尔·乌里 Gérard Oury   主演: 路易·德·菲耐斯 Louis de Funès...
                            1966 / 法国 英国 / 喜剧 战争",虎口脱险,183,8.9,150615,1966
美国 澳大利亚,美国,澳大利亚,,"Andy Wachowski , Larry Wachowski",,,Andy Wachowski,Larry Wachowski,"导演: Andy Wachowski / Larry Wachowski   主演: 基努·里维斯 Keanu Reeves...
                            2003 / 美国 澳大利亚 / 动作 科幻",黑客帝国3：矩阵革命,184,8.7,251491,2003
美国,美国,,,"斯坦利·多南 Stanley Donen , 吉恩·凯利 Gene Kelly",斯坦利·多南,吉恩·凯利,Stanley Donen,Gene Kelly,"导演: 斯坦利·多南 Stanley Donen / 吉恩·凯利 Gene Kelly   主演: 吉恩·...
                            1952 / 美国 / 喜剧 歌舞 爱情",雨中曲,185,9.0,133790,1952
法国 瑞士 西班牙 美国 阿联酋,法国,瑞士,"西班牙,美国,阿联酋","雅克·贝汉 Jacques Perrin , 雅克·克鲁奥德 Jacques Cluzaud",雅克·贝汉,雅克·克鲁奥德,Jacques Perrin,Jacques Cluzaud,"导演: 雅克·贝汉 Jacques Perrin / 雅克·克鲁奥德 Jacques Cluzaud   主演:...
                            2009 / 法国 瑞士 西班牙 美国 阿联酋 / 纪录片",海洋,186,9.1,121115,2009
日本,日本,,,是枝裕和 Hirokazu Koreeda,是枝裕和,,Hirokazu Koreeda,,"导演: 是枝裕和 Hirokazu Koreeda   主演: 绫濑遥 Haruka Ayase / 长泽雅美 M...
                            2015 / 日本 / 剧情 家庭",海街日记,187,8.7,236873,2015
美国,美国,,,史蒂文·斯皮尔伯格 Steven Spielberg,史蒂文·斯皮尔伯格,,Steven Spielberg,,"导演: 史蒂文·斯皮尔伯格 Steven Spielberg   主演: 海利·乔·奥斯蒙 Haley...
                            2001 / 美国 / 冒险 剧情 科幻",人工智能,188,8.6,277929,2001
爱尔兰 加拿大 英国 美国,爱尔兰,加拿大,"英国,美国",伦尼·阿伯拉罕森 Lenny Abrahamson,伦尼·阿伯拉罕森,,Lenny Abrahamson,,"导演: 伦尼·阿伯拉罕森 Lenny Abrahamson   主演: 布丽·拉尔森 Brie Larson...
                            2015 / 爱尔兰 加拿大 英国 美国 / 剧情 家庭",房间,189,8.8,248815,2015
日本,日本,,,宫崎骏 Hayao Miyazaki,宫崎骏,,Hayao Miyazaki,,"导演: 宫崎骏 Hayao Miyazaki   主演: 高山南 Minami Takayama / 佐久间玲 Re...
                            1989 / 日本 / 动画 奇幻 冒险",魔女宅急便,190,8.6,300536,1989
英国 澳大利亚,英国,澳大利亚,,克里斯托弗·史密斯 Christopher Smith,克里斯托弗·史密斯,,Christopher Smith,,"导演: 克里斯托弗·史密斯 Christopher Smith   主演: 梅利莎·乔治 Melissa ...
                            2009 / 英国 澳大利亚 / 剧情 悬疑 惊悚",恐怖游轮,191,8.4,497110,2009
美国,美国,,,爱德华·兹威克 Edward Zwick,爱德华·兹威克,,Edward Zwick,,"导演: 爱德华·兹威克 Edward Zwick   主演: 布拉德·皮特 Brad Pitt / 安东...
                            1994 / 美国 / 剧情 爱情 战争 西部",燃情岁月,192,8.8,196301,1994
美国,美国,,,阿尔弗雷德·希区柯克 Alfred Hitchcock,阿尔弗雷德·希区柯克,,Alfred Hitchcock,,"导演: 阿尔弗雷德·希区柯克 Alfred Hitchcock   主演: 安东尼·博金斯 Antho...
                            1960 / 美国 / 悬疑 惊悚 恐怖",惊魂记,193,8.9,141295,1960
日本,日本,,,黑泽明 Akira Kurosawa,黑泽明,,Akira Kurosawa,,"导演: 黑泽明 Akira Kurosawa   主演: 三船敏郎 Toshirô Mifune / 千秋实 ...
                            1950 / 日本 / 犯罪 剧情 悬疑",罗生门,194,8.8,192966,1950
日本,日本,,,细田守 Mamoru Hosoda,细田守,,Mamoru Hosoda,,"导演: 细田守 Mamoru Hosoda   主演: 仲里依纱 Riisa Naka / 石田卓也 Takuya...
                            2006 / 日本 / 剧情 爱情 科幻 动画",穿越时空的少女,195,8.6,268619,2006
韩国,韩国,,,延尚昊 Sang-ho Yeon,延尚昊,,Sang-ho Yeon,,"导演: 延尚昊 Sang-ho Yeon   主演: 孔侑 Yoo Gong / 郑有美 Yu-mi Jung / 马...
                            2016 / 韩国 / 动作 惊悚 灾难",釜山行,196,8.4,641307,2016
美国,美国,,,茂文·勒鲁瓦 Mervyn LeRoy,茂文·勒鲁瓦,,Mervyn LeRoy,,"导演: 茂文·勒鲁瓦 Mervyn LeRoy   主演: 费雯·丽 Vivien Leigh / 罗伯特·...
                            1940 / 美国 / 剧情 爱情 战争",魂断蓝桥,197,8.8,175696,1940
中国大陆 中国香港,中国大陆,中国香港,,宁浩 Hao Ning,宁浩,,Hao Ning,,"导演: 宁浩 Hao Ning   主演: 郭涛 Tao Guo / 刘桦 Hua Liu / 连晋 Teddy Lin
                            2006 / 中国大陆 中国香港 / 喜剧 犯罪",疯狂的石头,198,8.4,495498,2006
意大利,意大利,,,保罗·格诺维瑟 Paolo Genovese,保罗·格诺维瑟,,Paolo Genovese,,"导演: 保罗·格诺维瑟 Paolo Genovese   主演: 马可·贾利尼 Marco Giallini ...
                            2016 / 意大利 / 剧情 喜剧",完美陌生人,199,8.5,357528,2016
日本,日本,,,伏原健之 Kenshi Fushihara,伏原健之,,Kenshi Fushihara,,"导演: 伏原健之 Kenshi Fushihara   主演: 津端修一 Shûichi Tsubata / 津...
                            2017 / 日本 / 纪录片",人生果实,200,9.6,56889,2017
美国 中国香港,美国,中国香港,,斯蒂芬·卓博斯基 Stephen Chbosky,斯蒂芬·卓博斯基,,Stephen Chbosky,,"导演: 斯蒂芬·卓博斯基 Stephen Chbosky   主演: 雅各布·特伦布莱 Jacob Tr...
                            2017 / 美国 中国香港 / 剧情 儿童 家庭",奇迹男孩,201,8.6,357592,2017
美国 法国,美国,法国,,詹姆斯·卡梅隆 James Cameron,詹姆斯·卡梅隆,,James Cameron,,"导演: 詹姆斯·卡梅隆 James Cameron   主演: 阿诺·施瓦辛格 Arnold Schwarz...
                            1991 / 美国 法国 / 动作 科幻",终结者2：审判日,202,8.7,220275,1991
英国,英国,,,丹尼·博伊尔 Danny Boyle,丹尼·博伊尔,,Danny Boyle,,"导演: 丹尼·博伊尔 Danny Boyle   主演: 伊万·麦克格雷格 Ewan McGregor / ...
                            1996 / 英国 / 剧情 犯罪",猜火车,203,8.5,319482,1996
中国香港,中国香港,,,王家卫 Kar Wai Wong,王家卫,,Kar Wai Wong,,"导演: 王家卫 Kar Wai Wong   主演: 张国荣 Leslie Cheung / 张曼玉 Maggie C...
                            1990 / 中国香港 / 犯罪 剧情 爱情",阿飞正传,204,8.5,318513,1990
中国大陆 中国香港,中国大陆,中国香港,,陆川 Chuan Lu,陆川,,Chuan Lu,,"导演: 陆川 Chuan Lu   主演: 多布杰 Duobujie / 张磊 Lei Zhang / 亓亮 Qi L...
                            2004 / 中国大陆 中国香港 / 剧情 犯罪",可可西里,205,8.7,185354,2004
韩国,韩国,,,朴勋政 Hoon-jung Park,朴勋政,,Hoon-jung Park,,"导演: 朴勋政 Hoon-jung Park   主演: 李政宰 Jung-Jae Lee / 崔岷植 Min-sik...
                            2013 / 韩国 / 剧情 犯罪",新世界,206,8.8,178707,2013
德国 法国 西班牙 美国,德国,法国,"西班牙,美国",汤姆·提克威 Tom Tykwer,汤姆·提克威,,Tom Tykwer,,"导演: 汤姆·提克威 Tom Tykwer   主演: 本·卫肖 Ben Whishaw / 艾伦·瑞克...
                            2006 / 德国 法国 西班牙 美国 / 剧情 犯罪 奇幻",香水,207,8.5,384293,2006
泰国,泰国,,,"普特鹏·普罗萨卡·那·萨克那卡林 Puttipong Promsaka Na Sakolnakorn , 华森·波克彭",普特鹏·普罗萨卡·那·萨克那卡林,华森·波克彭,Puttipong Promsaka Na Sakolnakorn,,"导演: 普特鹏·普罗萨卡·那·萨克那卡林 Puttipong Promsaka Na Sakolnakorn / 华森·波克彭...
                            2010 / 泰国 / 剧情 喜剧 爱情",初恋这件小事,208,8.4,683238,2010
中国台湾,中国台湾,,,杨德昌 Edward Yang,杨德昌,,Edward Yang,,"导演: 杨德昌 Edward Yang   主演: 张震 Chen Chang / 杨静怡 Lisa Yang / 张...
                            1991 / 中国台湾 / 剧情 犯罪",牯岭街少年杀人事件,209,8.8,162346,1991
英国 美国,英国,美国,,斯坦利·库布里克 Stanley Kubrick,斯坦利·库布里克,,Stanley Kubrick,,"导演: 斯坦利·库布里克 Stanley Kubrick   主演: 凯尔·杜拉 Keir Dullea / ...
                            1968 / 英国 美国 / 科幻 惊悚 冒险",2001太空漫游,210,8.8,171528,1968
美国 德国,美国,德国,,保罗·格林格拉斯 Paul Greengrass,保罗·格林格拉斯,,Paul Greengrass,,"导演: 保罗·格林格拉斯 Paul Greengrass   主演: 马特·达蒙 Matt Damon / ...
                            2004 / 美国 德国 / 动作 悬疑 惊悚",谍影重重2,211,8.6,234065,2004
美国 德国 捷克,美国,德国,捷克,道格·里曼 Doug Liman,道格·里曼,,Doug Liman,,"导演: 道格·里曼 Doug Liman   主演: 马特·达蒙 Matt Damon / 弗兰卡·波坦...
                            2002 / 美国 德国 捷克 / 动作 悬疑 惊悚",谍影重重,212,8.6,279034,2002
美国 希腊,美国,希腊,,理查德·林克莱特 Richard Linklater,理查德·林克莱特,,Richard Linklater,,"导演: 理查德·林克莱特 Richard Linklater   主演: 伊桑·霍克 Ethan Hawke ...
                            2013 / 美国 希腊 / 剧情 爱情",爱在午夜降临前,213,8.8,183809,2013
美国 法国,美国,法国,,安德鲁·尼科尔 Andrew Niccol,安德鲁·尼科尔,,Andrew Niccol,,"导演: 安德鲁·尼科尔 Andrew Niccol   主演: 尼古拉斯·凯奇 Nicolas Cage /...
                            2005 / 美国 法国 / 剧情 犯罪",战争之王,214,8.6,239501,2005
印度,印度,,,阿米尔·汗 Aamir Khan,阿米尔·汗,,Aamir Khan,,"导演: 阿米尔·汗 Aamir Khan   主演: 达席尔·萨法瑞 Darsheel Safary / 阿...
                            2007 / 印度 / 剧情 儿童 家庭",地球上的星星,215,8.9,131539,2007
中国香港,中国香港,,,徐克 Hark Tsui,徐克,,Hark Tsui,,"导演: 徐克 Hark Tsui   主演: 张曼玉 Maggie Cheung / 王祖贤 Joey Wang / ...
                            1993 / 中国香港 / 剧情 爱情 奇幻 古装",青蛇,216,8.5,325394,1993
德国,德国,,,丹尼斯·甘塞尔 Dennis Gansel,丹尼斯·甘塞尔,,Dennis Gansel,,"导演: 丹尼斯·甘塞尔 Dennis Gansel   主演: 尤尔根·沃格尔 Jürgen Vogel ...
                            2008 / 德国 / 剧情 惊悚",浪潮,217,8.7,184364,2008
美国 德国,美国,德国,,史蒂芬·戴德利 Stephen Daldry,史蒂芬·戴德利,,Stephen Daldry,,"导演: 史蒂芬·戴德利 Stephen Daldry   主演: 凯特·温丝莱特 Kate Winslet ...
                            2008 / 美国 德国 / 剧情 爱情",朗读者,218,8.5,346243,2008
英国 美国,英国,美国,,Alfonso Cuarón,,,Alfonso Cuarón,,"导演: Alfonso Cuarón   主演: 丹尼尔·雷德克里夫 Daniel Radcliffe / Emma...
                            2004 / 英国 美国 / 剧情 奇幻 冒险",哈利·波特与阿兹卡班的囚徒,219,8.5,306085,2004
中国香港 中国大陆,中国香港,中国大陆,,李惠民 Raymond Lee,李惠民,,Raymond Lee,,"导演: 李惠民 Raymond Lee   主演: 张曼玉 Maggie Cheung / 林青霞 Brigitte ...
                            1992 / 中国香港 中国大陆 / 动作 爱情 武侠 古装",新龙门客栈,220,8.6,280062,1992
德国 美国,德国,美国,,Quentin Tarantino,,,Quentin Tarantino,,"导演: Quentin Tarantino   主演: 布拉德·皮特 Brad Pitt / 梅拉尼·罗兰 M...
                            2009 / 德国 美国 / 剧情 犯罪",无耻混蛋,221,8.5,317529,2009
美国 加拿大,美国,加拿大,,邓肯·琼斯 Duncan Jones,邓肯·琼斯,,Duncan Jones,,"导演: 邓肯·琼斯 Duncan Jones   主演: 杰克·吉伦哈尔 Jake Gyllenhaal / ...
                            2011 / 美国 加拿大 / 科幻 悬疑 惊悚",源代码,222,8.4,546899,2011
美国,美国,,,Frank Darabont,,,Frank Darabont,,"导演: Frank Darabont   主演: 汤姆·汉克斯 Tom Hanks / 大卫·摩斯 David M...
                            1999 / 美国 / 犯罪 剧情 奇幻 悬疑",绿里奇迹,223,8.8,163168,1999
日本,日本,,,是枝裕和 Hirokazu Koreeda,是枝裕和,,Hirokazu Koreeda,,"导演: 是枝裕和 Hirokazu Koreeda   主演: 阿部宽 Hiroshi Abe / 夏川结衣 Yu...
                            2008 / 日本 / 剧情 家庭",步履不停,224,8.8,154487,2008
美国 英国 德国,美国,英国,德国,Chris Columbus,,,Chris Columbus,,"导演: Chris Columbus   主演: 丹尼尔·雷德克里夫 Daniel Radcliffe / 艾玛...
                            2002 / 美国 英国 德国 / 奇幻 冒险",哈利·波特与密室,225,8.5,323705,2002
印度,印度,,,卡比尔·汗 Kabir Khan,卡比尔·汗,,Kabir Khan,,"导演: 卡比尔·汗 Kabir Khan   主演: 萨尔曼·汗 Salman Khan / 哈莎莉·马...
                            2015 / 印度 / 剧情 喜剧 动作",小萝莉的猴神大叔,226,8.5,301392,2015
美国,美国,,,Charles Chaplin,,,Charles Chaplin,,"导演: Charles Chaplin   主演: 查理·卓别林 Charles Chaplin / 弗吉尼亚·...
                            1931 / 美国 / 喜剧 剧情 爱情",城市之光,227,9.3,72360,1931
美国 德国,美国,德国,,爱德华·兹威克 Edward Zwick,爱德华·兹威克,,Edward Zwick,,"导演: 爱德华·兹威克 Edward Zwick   主演: 莱昂纳多·迪卡普里奥 Leonardo ...
                            2006 / 美国 德国 / 剧情 惊悚 冒险",血钻,228,8.6,216660,2006
美国 英国,美国,英国,,詹姆斯·沃德·布柯特 James Ward Byrkit,詹姆斯·沃德·布柯特,,James Ward Byrkit,,"导演: 詹姆斯·沃德·布柯特 James Ward Byrkit   主演: 艾米丽·芭尔多尼 Em...
                            2013 / 美国 英国 / 科幻 悬疑 惊悚",彗星来的那一夜,229,8.5,305443,2013
美国,美国,,,约翰·卡尼 John Carney,约翰·卡尼,,John Carney,,"导演: 约翰·卡尼 John Carney   主演: 凯拉·奈特莉 Keira Knightley / 马克...
                            2013 / 美国 / 喜剧 爱情 音乐",再次出发之纽约遇见你,230,8.5,265354,2013
英国,英国,,,克里斯托弗·诺兰 Christopher Nolan,克里斯托弗·诺兰,,Christopher Nolan,,"导演: 克里斯托弗·诺兰 Christopher Nolan   主演: 杰里米·西奥伯德 Jeremy...
                            1998 / 英国 / 犯罪 悬疑 惊悚",追随,231,8.9,116583,1998
澳大利亚 美国,澳大利亚,美国,,乔治·米勒 George Miller,乔治·米勒,,George Miller,,"导演: 乔治·米勒 George Miller   主演: 汤姆·哈迪 Tom Hardy / 查理兹·塞...
                            2015 / 澳大利亚 美国 / 动作 科幻 冒险",疯狂的麦克斯4：狂暴之路,232,8.6,324596,2015
伊朗 法国,伊朗,法国,,阿斯哈·法哈蒂  Asghar Farhadi,阿斯哈·法哈蒂,,Asghar Farhadi,,"导演: 阿斯哈·法哈蒂  Asghar Farhadi   主演: 佩曼·莫阿迪 Peyman Moadi /...
                            2011 / 伊朗 法国 / 剧情 家庭",一次别离,233,8.7,178537,2011
日本,日本,,,小津安二郎 Yasujirô Ozu,小津安二郎,,Yasujirô Ozu,,"导演: 小津安二郎 Yasujirô Ozu   主演: 笠智众 Chishû Ryû / 原节...
                            1953 / 日本 / 剧情 家庭",东京物语,234,9.2,79691,1953
日本,日本,,,是枝裕和 Hirokazu Koreeda,是枝裕和,,Hirokazu Koreeda,,"导演: 是枝裕和 Hirokazu Koreeda   主演: 中川雅也 Lily Franky / 安藤樱 Sa...
                            2018 / 日本 / 剧情 犯罪 家庭",小偷家族,235,8.7,494453,2018
美国,美国,,,罗伯·莱纳 Rob Reiner,罗伯·莱纳,,Rob Reiner,,"导演: 罗伯·莱纳 Rob Reiner   主演: 杰克·尼科尔森 Jack Nicholson / 摩根...
                            2007 / 美国 / 冒险 喜剧 剧情",遗愿清单,236,8.6,214671,2007
美国,美国,,,托马斯·麦卡锡 Thomas McCarthy,托马斯·麦卡锡,,Thomas McCarthy,,"导演: 托马斯·麦卡锡 Thomas McCarthy   主演: 马克·鲁弗洛 Mark Ruffalo /...
                            2015 / 美国 / 剧情 传记",聚焦,237,8.8,184964,2015
美国 德国,美国,德国,,保罗·哈吉斯 Paul Haggis,保罗·哈吉斯,,Paul Haggis,,"导演: 保罗·哈吉斯 Paul Haggis   主演: 桑德拉·布洛克 Sandra Bullock / ...
                            2004 / 美国 德国 / 犯罪 剧情",撞车,238,8.6,231207,2004
中国台湾 中国大陆 美国 中国香港,中国台湾,中国大陆,"美国,中国香港",李安 Ang Lee,李安,,Ang Lee,,"导演: 李安 Ang Lee   主演: 梁朝伟 Tony Leung Chiu Wai / 汤唯 Wei Tang / ...
                            2007 / 中国台湾 中国大陆 美国 中国香港 / 剧情 爱情 情色",色，戒,239,8.4,403846,2007
英国 美国,英国,美国,,Stanley Kubrick,,,Stanley Kubrick,,"导演: Stanley Kubrick   主演: Malcolm McDowell / Patrick Magee / Michael...
                            1971 / 英国 美国 / 犯罪 剧情 科幻",发条橙,240,8.5,258047,1971
美国,美国,,,达伦·阿伦诺夫斯基 Darren Aronofsky,达伦·阿伦诺夫斯基,,Darren Aronofsky,,"导演: 达伦·阿伦诺夫斯基 Darren Aronofsky   主演: 艾伦·伯斯汀 Ellen Bur...
                            2000 / 美国 / 剧情",梦之安魂曲,241,8.7,152334,2000
中国台湾,中国台湾,,,黄信尧 Hsin-yao Huang,黄信尧,,Hsin-yao Huang,,"导演: 黄信尧 Hsin-yao Huang   主演: 庄益增 Yizeng Zhuang / 陈竹昇 Chu-sh...
                            2017 / 中国台湾 / 剧情 喜剧 犯罪",大佛普拉斯,242,8.7,217010,2017
美国,美国,,,雷德利·斯科特 Ridley Scott,雷德利·斯科特,,Ridley Scott,,"导演: 雷德利·斯科特 Ridley Scott   主演: 乔什·哈奈特 Josh Hartnett / ...
                            2001 / 美国 / 动作 历史 战争",黑鹰坠落,243,8.6,184420,2001
中国大陆,中国大陆,,,"周申 Shen Zhou , 刘露 Lu Liu",周申,刘露,Shen Zhou,Lu Liu,"导演: 周申 Shen Zhou / 刘露 Lu Liu   主演: 任素汐 Suxi Ren / 大力 Da Li ...
                            2016 / 中国大陆 / 剧情 喜剧",驴得水,244,8.3,558152,2016
美国,美国,,,史蒂文·斯皮尔伯格 Steven Spielberg,史蒂文·斯皮尔伯格,,Steven Spielberg,,"导演: 史蒂文·斯皮尔伯格 Steven Spielberg   主演: 亨利·托马斯 Henry Tho...
                            1982 / 美国 / 剧情 科幻",E.T. 外星人,245,8.6,227181,1982
韩国,韩国,,,秋昌民 Chang-min Choo,秋昌民,,Chang-min Choo,,"导演: 秋昌民 Chang-min Choo   主演: 宋在河 Jae-ho Song / 李顺载 Soon-jae...
                            2011 / 韩国 / 剧情 爱情",我爱你,246,9.0,93303,2011
美国,美国,,,安德鲁·尼科尔 Andrew Niccol,安德鲁·尼科尔,,Andrew Niccol,,"导演: 安德鲁·尼科尔 Andrew Niccol   主演: 伊桑·霍克 Ethan Hawke / 乌玛...
                            1997 / 美国 / 剧情 科幻 惊悚",千钧一发,247,8.7,145090,1997
美国 法国,美国,法国,,雷德利·斯科特 Ridley Scott,雷德利·斯科特,,Ridley Scott,,"导演: 雷德利·斯科特 Ridley Scott   主演: 吉娜·戴维斯 Geena Davis / 苏...
                            1991 / 美国 法国 / 犯罪 剧情 惊悚",末路狂花,248,8.7,147651,1991
美国,美国,,,吴宇森 John Woo,吴宇森,,John Woo,,"导演: 吴宇森 John Woo   主演: 约翰·特拉沃尔塔 John Travolta / 尼古拉斯...
                            1997 / 美国 / 动作 科幻 犯罪 惊悚",变脸,249,8.5,289653,1997
美国,美国,,,理查德·沙因克曼 Richard Schenkman,理查德·沙因克曼,,Richard Schenkman,,"导演: 理查德·沙因克曼 Richard Schenkman   主演: 大卫·李·史密斯 David ...
                            2007 / 美国 / 剧情 科幻",这个男人来自地球,250,8.5,259966,2007
