country,country1,country2,country_others,director,director_cn1,director_cn2,director_en1,director_en2,info,movie_name,ranking,rated,runtime,score,tag,year,year_runtime_rated
United States,United States,,,Frank Darabont,,,Frank Darabont,,"Over the course of several years, two convicts form a friendship, seeking consolation and, eventually, redemption through basic compassion.", The Shawshank Redemption,1,R,2h 22m,9.3,Drama,1994,"1994,2h 22m,R"
United States,United States,,,Quentin Tarantino,,,Quentin Tarantino,,"The lives of two mob hitmen, a boxer, a gangster and his wife, and a pair of diner bandits intertwine in four tales of violence and redemption.", Pulp Fiction,8,R,2h 34m,8.9,"Crime,Drama",1994,"1994,2h 34m,R"
United States,United States,,,Robert Zemeckis,,,Robert Zemeckis,,"The history of the United States from the 1950s to the '70s unfolds from the perspective of an Alabama man with an IQ of 75, who yearns to be reunited with his childhood sweetheart.", Forrest Gump,11,PG-13,2h 22m,8.8,"Drama,Romance",1994,"1994,2h 22m,PG-13"
"New Zealand,United States",New Zealand,United States,,Peter Jackson,,,Peter Jackson,,A meek Hobbit from the Shire and eight companions set out on a journey to destroy the powerful One Ring and save Middle-earth from the Dark Lord Sauron., The Lord of the Rings: The Fellowship of the Ring,9,PG-13,2h 58m,8.9,"Action,Adventure,Drama",2001,"2001,2h 58m,PG-13"
United States,United States,,,Sidney Lumet,,,Sidney Lumet,,The jury in a New York City murder trial is frustrated by a single member whose skeptical caution forces them to more carefully consider the evidence before jumping to a hasty verdict., 12 Angry Men,5,Approved,1h 36m,9.0,"Crime,Drama",1957,"1957,1h 36m,Approved"
"New Zealand,United States",New Zealand,United States,,Peter Jackson,,,Peter Jackson,,Gandalf and Aragorn lead the World of Men against Sauron's army to draw his gaze from Frodo and Sam as they approach Mount Doom with the One Ring., The Lord of the Rings: The Return of the King,7,PG-13,3h 21m,9.0,"Action,Adventure,Drama",2003,"2003,3h 21m,PG-13"
United States,United States,,,Francis Ford Coppola,,,Francis Ford Coppola,,"The early life and career of Vito Corleone in 1920s New York City is portrayed, while his son, Michael, expands and tightens his grip on the family crime syndicate.", The Godfather Part II,4,R,3h 22m,9.0,"Crime,Drama",1974,"1974,3h 22m,R"
United States,United States,,,Steven Spielberg,,,Steven Spielberg,,"In German-occupied Poland during World War II, industrialist Oskar Schindler gradually becomes concerned for his Jewish workforce after witnessing their persecution by the Nazis.", Schindler's List,6,R,3h 15m,9.0,"Biography,Drama,History",1993,"1993,3h 15m,R"
"Italy,Spain,West Germany",Italy,Spain,West Germany,Sergio Leone,,,Sergio Leone,,A bounty hunting scam joins two men in an uneasy alliance against a third in a race to find a fortune in gold buried in a remote cemetery.," The Good, the Bad and the Ugly",10,Approved,2h 58m,8.8,"Adventure,Western",1966,"1966,2h 58m,Approved"
"United States,United Kingdom",United States,United Kingdom,,Christopher Nolan,,,Christopher Nolan,,"When the menace known as the Joker wreaks havoc and chaos on the people of Gotham, Batman must accept one of the greatest psychological and physical tests of his ability to fight injustice.", The Dark Knight,3,PG-13,2h 32m,9.0,"Action,Crime,Drama",2008,"2008,2h 32m,PG-13"
Japan,Japan,,,Akira Kurosawa,,,Akira Kurosawa,,"Farmers from a village exploited by bandits hire a veteran samurai for protection, who gathers six other samurai to join him.", Seven Samurai,21,Not Rated,3h 27m,8.6,"Action,Drama",1954,"1954,3h 27m,Not Rated"
United States,United States,,,Francis Ford Coppola,,,Francis Ford Coppola,,"Don Vito Corleone, head of a mafia family, decides to hand over his empire to his youngest son Michael. However, his decision unintentionally puts the lives of his loved ones in grave danger...", The Godfather,2,R,2h 55m,9.2,"Crime,Drama",1972,"1972,2h 55m,R"
"United States,United Kingdom",United States,United Kingdom,,Kevin Costner,,,Kevin Costner,,"Lieutenant John Dunbar, assigned to a remote western Civil War outpost, finds himself engaging with a neighbouring Sioux settlement, causing him to question his own purpose.", Dances with Wolves,249,PG-13,3h 1m,8.0,"Adventure,Drama,Western",1990,"1990,3h 1m,PG-13"
United States,United States,,,Martin Scorsese,,,Martin Scorsese,,"The story of Henry Hill and his life in the mafia, covering his relationship with his wife Karen and his mob partners Jimmy Conway and Tommy DeVito.", Goodfellas,17,R,2h 25m,8.7,"Biography,Crime,Drama",1990,"1990,2h 25m,R"
United States,United States,,,Frank Capra,,,Frank Capra,,An angel is sent from Heaven to help a desperately frustrated businessman by showing him what life would have been like if he had never existed., It's a Wonderful Life,20,PG,2h 10m,8.6,"Drama,Family,Fantasy",1946,"1946,2h 10m,PG"
United States,United States,,,David Fincher,,,David Fincher,,"Two detectives, a rookie and a veteran, hunt a serial killer who uses the seven deadly sins as his motives.", Se7en,19,R,2h 7m,8.6,"Crime,Drama,Mystery",1995,"1995,2h 7m,R"
United States,United States,,,Milos Forman,,,Milos Forman,,"In the Fall of 1963, a Korean War veteran and criminal pleads insanity and is admitted to a mental institution, where he rallies up the scared patients against the tyrannical nurse.", One Flew Over the Cuckoo's Nest,18,R,2h 13m,8.7,Drama,1975,"1975,2h 13m,R"
United Kingdom,United Kingdom,,,Terry Jones,,,Terry Jones,,"Born on the original Christmas in the stable next door to Jesus Christ, Brian of Nazareth spends his life being mistaken for a messiah.", Life of Brian,250,R,1h 34m,8.0,Comedy,1979,"1979,1h 34m,R"
"United States,Japan",United States,Japan,,"Ron Clements,John Musker",,,Ron Clements,John Musker,A kind-hearted street urchin and a power-hungry Grand Vizier vie for a magic lamp that has the power to make their deepest wishes come true., Aladdin,248,G,1h 30m,8.0,"Animation,Adventure,Comedy",1992,"1992,1h 30m,G"
India,India,,,Satyajit Ray,,,Satyajit Ray,,"Impoverished priest Harihar Ray, dreaming of a better life for himself and his family, leaves his rural Bengal village in search of work.", Pather Panchali,246,Not Rated,2h 5m,8.2,Drama,1955,"1955,2h 5m,Not Rated"
United States,United States,,,Frank Capra,,,Frank Capra,,"A renegade reporter trailing a young runaway heiress for a big story joins her on a bus heading from Florida to New York, and they end up stuck with each other when the bus leaves them behin...", It Happened One Night,245,Passed,1h 45m,8.1,"Comedy,Romance",1934,"1934,1h 45m,Passed"
France,France,,,François Truffaut,,,François Truffaut,,"A young boy, left without attention, delves into a life of petty crime.", The 400 Blows,247,Not Rated,1h 39m,8.1,"Crime,Drama",1959,"1959,1h 39m,Not Rated"
United States,United States,,,Robert Wise,,,Robert Wise,,A young novice is sent by her convent in 1930s Austria to become a governess to the seven children of a widowed naval officer., The Sound of Music,239,G,2h 52m,8.1,"Biography,Drama,Family",1965,"1965,2h 52m,G"
"United States,India",United States,India,,Tate Taylor,,,Tate Taylor,,"An aspiring author during the civil rights movement of the 1960s decides to write a book detailing the African American maids' point of view on the white families for which they work, and th...", The Help,244,PG-13,2h 26m,8.1,Drama,2011,"2011,2h 26m,PG-13"
United States,United States,,,Alfred Hitchcock,,,Alfred Hitchcock,,A self-conscious woman juggles adjusting to her new role as an aristocrat's wife and avoiding being intimidated by his first wife's spectral presence., Rebecca,241,Approved,2h 10m,8.1,"Drama,Film-Noir,Mystery",1940,"1940,2h 10m,Approved"
Mexico,Mexico,,,Alejandro G. Iñárritu,,,Alejandro G. Iñárritu,,"A horrific car accident connects three stories, each involving characters dealing with loss, regret, and life's harsh realities, all in the name of love.", Amores Perros,240,R,2h 34m,8.1,"Drama,Thriller",2000,"2000,2h 34m,R"
"United States,Denmark",United States,Denmark,,Brad Bird,,,Brad Bird,,A young boy befriends a giant robot from outer space that a paranoid government agent wants to destroy., The Iron Giant,243,PG,1h 26m,8.1,"Animation,Action,Adventure",1999,"1999,1h 26m,PG"
United States,United States,,,Stuart Rosenberg,,,Stuart Rosenberg,,"A laid-back Southern man is sentenced to two years in a rural prison, but refuses to conform.", Cool Hand Luke,242,GP,2h 7m,8.1,"Crime,Drama",1967,"1967,2h 7m,GP"
United States,United States,,,Harold Ramis,,,Harold Ramis,,"A narcissistic, self-centered weatherman finds himself in a time loop on Groundhog Day.", Groundhog Day,238,PG,1h 41m,8.0,"Comedy,Drama,Fantasy",1993,"1993,1h 41m,PG"
"Italy,Algeria",Italy,Algeria,,Gillo Pontecorvo,,,Gillo Pontecorvo,,"In the 1950s, fear and violence escalate as the people of Algiers fight for independence from the French government.", The Battle of Algiers,236,Not Rated,2h 1m,8.1,"Drama,War",1966,"1966,2h 1m,Not Rated"
"United Kingdom,United States",United Kingdom,United States,,Lasse Hallström,,,Lasse Hallström,,A college professor bonds with an abandoned dog he takes into his home., Hachi: A Dog's Tale,233,G,1h 33m,8.1,"Biography,Drama,Family",2009,"2009,1h 33m,G"
United States,United States,,,John Ford,,,John Ford,,"An Oklahoma family, driven off their farm by the poverty and hopelessness of the Dust Bowl, joins the westward migration to California, suffering the misfortunes of the homeless in the Great...", The Grapes of Wrath,237,Passed,2h 9m,8.1,Drama,1940,"1940,2h 9m,Passed"
South Korea,South Korea,,,Park Chan-wook,,,Park Chan-wook,,"A woman is hired as a handmaiden to a Japanese heiress, but secretly she is involved in a plot to defraud her.", The Handmaiden,234,Not Rated,2h 25m,8.1,"Drama,Romance,Thriller",2016,"2016,2h 25m,Not Rated"
Turkey,Turkey,,,Çagan Irmak,,,Çagan Irmak,,The family of a left-wing journalist is torn apart after the military coup of Turkey in 1980., My Father and My Son,235,Not Rated,1h 52m,8.2,"Drama,Family",2005,"2005,1h 52m,Not Rated"
United States,United States,,,Sean Penn,,,Sean Penn,,"After graduating from Emory University, top student and athlete Christopher McCandless abandons his possessions, gives his entire $24,000 savings account to charity and hitchhikes to Alaska ...", Into the Wild,231,R,2h 28m,8.1,"Adventure,Biography,Drama",2007,"2007,2h 28m,R"
"United States,Japan",United States,Japan,,Brad Bird,,,Brad Bird,,"While trying to lead a quiet suburban life, a family of undercover superheroes are forced into action to save the world.", The Incredibles,230,PG,1h 55m,8.0,"Animation,Action,Adventure",2004,"2004,1h 55m,PG"
United States,United States,,,"Victor Fleming,King Vidor",,,Victor Fleming,King Vidor,"Young Dorothy Gale and her dog Toto are swept away by a tornado from their Kansas farm to the magical Land of Oz, and embark on a quest with three new friends to see the Wizard, who can retu...", The Wizard of Oz,229,G,1h 42m,8.1,"Adventure,Family,Fantasy",1939,"1939,1h 42m,G"
United States,United States,,,Ernst Lubitsch,,,Ernst Lubitsch,,"During the Nazi occupation of Poland, an acting troupe becomes embroiled in a Polish soldier's efforts to track down a German spy.", To Be or Not to Be,232,Passed,1h 39m,8.2,"Comedy,Romance,War",1942,"1942,1h 39m,Passed"
United States,United States,,,Rob Reiner,,,Rob Reiner,,"After the death of his childhood best friend, a writer recounts a childhood journey with his friends to find the body of a missing boy.", Stand by Me,227,R,1h 29m,8.1,"Adventure,Comedy,Drama",1986,"1986,1h 29m,R"
United States,United States,,,Sidney Lumet,,,Sidney Lumet,,"A television network cynically exploits a deranged former anchor's ravings and revelations about the news media for its own profit, but finds that his message may be difficult to control.", Network,224,R,2h 1m,8.1,Drama,1976,"1976,2h 1m,R"
United States,United States,,,William Friedkin,,,William Friedkin,,"When a young girl is possessed by a mysterious entity, her mother seeks the help of two Catholic priests to save her life.", The Exorcist,225,R,2h 2m,8.1,Horror,1973,"1973,2h 2m,R"
France,France,,,Mathieu Kassovitz,,,Mathieu Kassovitz,,24 hours in the lives of three young men in the French suburbs the day after a violent riot., La haine,226,Not Rated,1h 38m,8.1,"Crime,Drama",1995,"1995,1h 38m,Not Rated"
United States,United States,,,Gore Verbinski,,,Gore Verbinski,,"Blacksmith Will Turner teams up with eccentric pirate ""Captain"" Jack Sparrow to save his love, the governor's daughter, from Jack's former pirate allies, who are now undead.", Pirates of the Caribbean: The Curse of the Black Pearl,228,PG-13,2h 23m,8.1,"Action,Adventure,Fantasy",2003,"2003,2h 23m,PG-13"
United States,United States,,,William Wyler,,,William Wyler,,"Three World War II veterans, two of them traumatized or disabled, return home to the American midwest to discover that they and their families have been irreparably changed.", The Best Years of Our Lives,223,Approved,2h 50m,8.1,"Drama,Romance,War",1946,"1946,2h 50m,Approved"
"United Kingdom,United States",United Kingdom,United States,,Ron Howard,,,Ron Howard,,The merciless 1970s rivalry between Formula One rivals James Hunt and Niki Lauda., Rush,222,R,2h 3m,8.1,"Action,Biography,Drama",2013,"2013,2h 3m,R"
France,France,,,Carl Theodor Dreyer,,,Carl Theodor Dreyer,,"In 1431, Jeanne d'Arc is placed on trial on charges of heresy. The ecclesiastical jurists attempt to force Jeanne to recant her claims of holy visions.", The Passion of Joan of Arc,218,Passed,1h 54m,8.1,"Biography,Drama,History",1928,"1928,1h 54m,Passed"
"France,United States",France,United States,,Richard Linklater,,,Richard Linklater,,"Nine years after Jesse and Celine first met, they encounter each other again on the French leg of Jesse's book tour.", Before Sunset,220,R,1h 20m,8.1,"Drama,Romance",2004,"2004,1h 20m,R"
"United Kingdom,United States",United Kingdom,United States,,James Cameron,,,James Cameron,,"A human soldier is sent from 2029 to 1984 to stop an almost indestructible cyborg killing machine, sent from the same year, which has been programmed to execute a young woman whose unborn so...", The Terminator,219,R,1h 47m,8.1,"Action,Sci-Fi",1984,"1984,1h 47m,R"
"India,United States",India,United States,,T.J. Gnanavel,,,T.J. Gnanavel,,"When a tribal man is arrested for a case of alleged theft, his wife turns to a human-rights lawyer to help bring justice.", Jai Bhim,221,TV-MA,2h 44m,8.7,"Crime,Drama,Mystery",2021,"2021,2h 44m,TV-MA"
United States,United States,,,James Mangold,,,James Mangold,,"In a future where mutants are nearly extinct, an elderly and weary Logan leads a quiet life. But when Laura, a mutant child pursued by scientists, comes to him for help, he must get her to s...", Logan,215,R,2h 17m,8.1,"Action,Drama,Sci-Fi",2017,"2017,2h 17m,R"
United States,United States,,,Tom McCarthy,,,Tom McCarthy,,"The true story of how the Boston Globe uncovered the massive scandal of child molestation and cover-up within the local Catholic Archdiocese, shaking the entire Catholic Church to its core.", Spotlight,216,R,2h 9m,8.1,"Biography,Crime,Drama",2015,"2015,2h 9m,R"
"United States,United Kingdom",United States,United Kingdom,,Oliver Stone,,,Oliver Stone,,"Chris Taylor, a neophyte recruit in Vietnam, finds himself caught in a battle of wills between two sergeants, one good and the other evil. A shrewd examination of the brutality of war and th...", Platoon,217,R,2h,8.1,"Drama,War",1986,"1986,2h,R"
"United Kingdom,South Africa,Italy,United States",United Kingdom,South Africa,"Italy,United States",Terry George,,,Terry George,,"Paul Rusesabagina, a hotel manager, houses over a thousand Tutsi refugees during their struggle against the Hutu militia in Rwanda, Africa.", Hotel Rwanda,214,PG-13,2h 1m,8.1,"Biography,Drama,History",2004,"2004,2h 1m,PG-13"
"United States,United Kingdom",United States,United Kingdom,,"Joel Coen,Ethan Coen",,,Joel Coen,Ethan Coen,"Jeff ""The Dude"" Lebowski, mistaken for a millionaire of the same name, seeks restitution for his ruined rug and enlists his bowling buddies to help get it.", The Big Lebowski,211,R,1h 57m,8.1,"Comedy,Crime",1998,"1998,1h 57m,R"
United States,United States,,,John G. Avildsen,,,John G. Avildsen,,A small-time Philadelphia boxer gets a supremely rare chance to fight the world heavyweight champion in a bout in which he strives to go the distance for his self-respect., Rocky,213,PG,2h,8.1,"Drama,Sport",1976,"1976,2h,PG"
Japan,Japan,,,Yasujirô Ozu,,,Yasujirô Ozu,,"An old couple visit their children and grandchildren in the city, but receive little attention.", Tokyo Story,212,Not Rated,2h 16m,8.1,Drama,1953,"1953,2h 16m,Not Rated"
"Ireland,Canada,United Kingdom,United States",Ireland,Canada,"United Kingdom,United States",Lenny Abrahamson,,,Lenny Abrahamson,,"A little boy is held captive in a room with his mother since his birth, so he has never known the world outside.", Room,210,R,1h 58m,8.1,"Drama,Thriller",2015,"2015,1h 58m,R"
United States,United States,,,James Mangold,,,James Mangold,,American car designer Carroll Shelby and driver Ken Miles battle corporate interference and the laws of physics to build a revolutionary race car for Ford in order to defeat Ferrari at the 2..., Ford v Ferrari,207,PG-13,2h 32m,8.1,"Action,Biography,Drama",2019,"2019,2h 32m,PG-13"
United States,United States,,,"Brad Bird,Jan Pinkava",,,Brad Bird,Jan Pinkava,A rat who can cook makes an unusual alliance with a young kitchen worker at a famous Paris restaurant., Ratatouille,209,G,1h 51m,8.1,"Animation,Adventure,Comedy",2007,"2007,1h 51m,G"
Australia,Australia,,,Adam Elliot,,,Adam Elliot,,"A tale of friendship between two unlikely pen pals: Mary, a lonely, eight-year-old girl living in the suburbs of Melbourne, and Max, a forty-four-year old, severely obese man living in New Y...", Mary and Max,206,Not Rated,1h 32m,8.1,"Animation,Comedy,Drama",2009,"2009,1h 32m,Not Rated"
"United States,France",United States,France,,"Dean DeBlois,Chris Sanders",,,Dean DeBlois,Chris Sanders,"A hapless young Viking who aspires to hunt dragons becomes the unlikely friend of a young dragon himself, and learns there may be more to the creatures than he assumed.", How to Train Your Dragon,205,PG,1h 38m,8.1,"Animation,Action,Adventure",2010,"2010,1h 38m,PG"
Sweden,Sweden,,,Ingmar Bergman,,,Ingmar Bergman,,"A knight returning to Sweden after the Crusades seeks answers about life, death, and the existence of God as he plays chess against the Grim Reaper during the Black Plague.", The Seventh Seal,208,Not Rated,1h 36m,8.1,"Drama,Fantasy",1957,"1957,1h 36m,Not Rated"
United States,United States,,,Frank Capra,,,Frank Capra,,"A naive youth leader is appointed to fill a vacancy in the U.S. Senate. His idealistic plans promptly collide with corruption at home and subterfuge from his hero in Washington, but he tries...", Mr. Smith Goes to Washington,204,Passed,2h 9m,8.1,"Comedy,Drama",1939,"1939,2h 9m,Passed"
United States,United States,,,Steven Spielberg,,,Steven Spielberg,,"When a killer shark unleashes chaos on a beach community off Cape Cod, it's up to a local sheriff, a marine biologist, and an old seafarer to hunt the beast down.", Jaws,203,PG,2h 4m,8.1,"Adventure,Mystery,Thriller",1975,"1975,2h 4m,PG"
United States,United States,,,Buster Keaton,,,Buster Keaton,,"A film projectionist longs to be a detective, and puts his meagre skills to work when he is framed by a rival for stealing his girlfriend's father's pocketwatch.", Sherlock Jr.,201,Passed,45m,8.2,"Action,Comedy,Romance",1924,"1924,45m,Passed"
"France,Italy",France,Italy,,Henri-Georges Clouzot,,,Henri-Georges Clouzot,,"In a decrepit South American village, four men are hired to transport an urgent nitroglycerine shipment without the equipment that would make it safe.", The Wages of Fear,200,Not Rated,2h 11m,8.2,"Adventure,Drama,Thriller",1953,"1953,2h 11m,Not Rated"
United States,United States,,,"Pete Docter,David Silverman,Lee Unkrich",,,Pete Docter,David Silverman,"In order to power the city, monsters have to scare children so that they scream. However, the children are toxic to the monsters, and after a child gets through, two monsters realize things ..."," Monsters, Inc.",202,G,1h 32m,8.1,"Animation,Adventure,Comedy",2001,"2001,1h 32m,G"
Australia,Australia,,,George Miller,,,George Miller,,"In a post-apocalyptic wasteland, a woman rebels against a tyrannical ruler in search for her homeland with the aid of a group of female prisoners, a psychotic worshiper and a drifter named M...", Mad Max: Fury Road,198,R,2h,8.1,"Action,Adventure,Sci-Fi",2015,"2015,2h,R"
United States,United States,,,Peter Weir,,,Peter Weir,,"Maverick teacher John Keating returns in 1959 to the prestigious New England boys' boarding school where he was once a star student, using poetry to embolden his pupils to new heights of sel...", Dead Poets Society,196,PG,2h 8m,8.1,"Comedy,Drama",1989,"1989,2h 8m,PG"
Sweden,Sweden,,,Ingmar Bergman,,,Ingmar Bergman,,"After living a life marked by coldness, an aging professor is forced to confront the emptiness of his existence.", Wild Strawberries,197,Not Rated,1h 31m,8.1,"Drama,Romance",1957,"1957,1h 31m,Not Rated"
United Kingdom,United Kingdom,,,Carol Reed,,,Carol Reed,,"Pulp novelist Holly Martins travels to shadowy, postwar Vienna, only to find himself investigating the mysterious death of an old friend, Harry Lime.", The Third Man,199,Approved,1h 33m,8.1,"Film-Noir,Mystery,Thriller",1949,"1949,1h 33m,Approved"
"Argentina,Spain,France,United Kingdom",Argentina,Spain,"France,United Kingdom",Damián Szifron,,,Damián Szifron,,Six short stories that explore the extremities of human behavior involving people in distress., Wild Tales,195,R,2h 2m,8.1,"Comedy,Drama,Thriller",2014,"2014,2h 2m,R"
United States,United States,,,"Clyde Bruckman,Buster Keaton",,,Clyde Bruckman,Buster Keaton,"After being rejected by the Confederate military, not realizing it was due to his crucial civilian role, an engineer must single-handedly recapture his beloved locomotive after it is seized ...", The General,193,Passed,1h 18m,8.1,"Action,Adventure,Comedy",1926,"1926,1h 18m,Passed"
"United States,United Kingdom",United States,United Kingdom,,Michael Cimino,,,Michael Cimino,,An in-depth examination of the ways in which the Vietnam War impacts and disrupts the lives of several friends in a small steel mill town in Pennsylvania., The Deer Hunter,194,R,3h 3m,8.1,"Drama,War",1978,"1978,3h 3m,R"
United States,United States,,,Elia Kazan,,,Elia Kazan,,"An ex-prize fighter turned New Jersey longshoreman struggles to stand up to his corrupt union bosses, including his older brother, as he starts to connect with the grieving sister of one of ...", On the Waterfront,192,Approved,1h 48m,8.1,"Crime,Drama,Thriller",1954,"1954,1h 48m,Approved"
South Korea,South Korea,,,Bong Joon Ho,,,Bong Joon Ho,,"In a small Korean province in 1986, two detectives struggle with the case of multiple young women being found raped and murdered by an unknown culprit.", Memories of Murder,191,Not Rated,2h 12m,8.1,"Crime,Drama,Mystery",2003,"2003,2h 12m,Not Rated"
United States,United States,,,Charles Chaplin,,,Charles Chaplin,,"A prospector goes to the Klondike during the 1890s gold rush in hopes of making his fortune, and is smitten with a girl he sees in a dance hall.", The Gold Rush,188,Passed,1h 35m,8.1,"Adventure,Comedy,Drama",1925,"1925,1h 35m,Passed"
"Australia,United States,United Kingdom,China",Australia,United States,"United Kingdom,China",Mel Gibson,,,Mel Gibson,,"World War II American Army Medic Desmond T. Doss, serving during the Battle of Okinawa, refuses to kill people and becomes the first man in American history to receive the Medal of Honor wit...", Hacksaw Ridge,189,R,2h 19m,8.1,"Biography,Drama,History",2016,"2016,2h 19m,R"
"Ireland,United Kingdom",Ireland,United Kingdom,,Jim Sheridan,,,Jim Sheridan,,A man's coerced confession to an I.R.A. bombing he did not commit results in the imprisonment of his father as well. An English lawyer fights to free them., In the Name of the Father,190,R,2h 13m,8.1,"Biography,Crime,Drama",1993,"1993,2h 13m,R"
United States,United States,,,David Fincher,,,David Fincher,,"With his wife's disappearance having become the focus of an intense media circus, a man sees the spotlight turned on him when it's suspected that he may not be innocent.", Gone Girl,187,R,2h 29m,8.1,"Drama,Mystery,Thriller",2014,"2014,2h 29m,R"
"United Kingdom,United States",United Kingdom,United States,,Stanley Kubrick,,,Stanley Kubrick,,An Irish rogue wins the heart of a rich widow and assumes her dead husband's aristocratic position in 18th-century England., Barry Lyndon,186,PG,3h 5m,8.1,"Adventure,Drama,War",1975,"1975,3h 5m,PG"
United States,United States,,,William Wyler,,,William Wyler,,"After a Jewish prince is betrayed and sent into slavery by a Roman friend in 1st-century Jerusalem, he regains his freedom and comes back for revenge.", Ben-Hur,185,G,3h 32m,8.1,"Adventure,Drama",1959,"1959,3h 32m,G"
"United States,Austria",United States,Austria,,Richard Linklater,,,Richard Linklater,,"A young man and woman meet on a train in Europe, and wind up spending one evening together in Vienna. Unfortunately, both know that this will probably be their only night together.", Before Sunrise,183,R,1h 41m,8.1,"Drama,Romance",1995,"1995,1h 41m,R"
"United States,United Kingdom",United States,United Kingdom,,Steve McQueen,,,Steve McQueen,,"In the antebellum United States, Solomon Northup, a free black man from upstate New York, is abducted and sold into slavery.", 12 Years a Slave,182,R,2h 14m,8.1,"Biography,Drama,History",2013,"2013,2h 14m,R"
"United States,Germany",United States,Germany,,Wes Anderson,,,Wes Anderson,,"A writer encounters the owner of an aging high-class hotel, who tells him of his early years serving as a lobby boy in the hotel's glorious years under an exceptional concierge.", The Grand Budapest Hotel,184,R,1h 39m,8.1,"Adventure,Comedy,Crime",2014,"2014,1h 39m,R"
"United States,United Kingdom",United States,United Kingdom,,Ridley Scott,,,Ridley Scott,,A blade runner must pursue and terminate four replicants who stole a ship in space and have returned to Earth to find their creator., Blade Runner,181,R,1h 57m,8.1,"Action,Drama,Sci-Fi",1982,"1982,1h 57m,R"
Iran,Iran,,,Majid Majidi,,,Majid Majidi,,"After a boy loses his sister's pair of shoes, he goes on a series of adventures in order to find them. When he can't, he tries a new way to ""win"" a new pair.", Children of Heaven,180,PG,1h 29m,8.2,"Drama,Family,Sport",1997,"1997,1h 29m,PG"
"United Kingdom,United States",United Kingdom,United States,,David Yates,,,David Yates,,"Harry, Ron, and Hermione search for Voldemort's remaining Horcruxes in their effort to destroy the Dark Lord as the final battle rages on at Hogwarts.", Harry Potter and the Deathly Hallows: Part 2,179,PG-13,2h 10m,8.1,"Adventure,Family,Fantasy",2011,"2011,2h 10m,PG-13"
"Spain,United Kingdom,United States",Spain,United Kingdom,United States,"Sergio Pablos,Carlos Martínez López",,,Sergio Pablos,Carlos Martínez López,"A simple act of kindness always sparks another, even in a frozen, faraway place. When Smeerensburg's new postman, Jesper, befriends toymaker Klaus, their gifts melt an age-old feud and deliv...", Klaus,175,PG,1h 36m,8.2,"Animation,Adventure,Comedy",2019,"2019,1h 36m,PG"
Japan,Japan,,,Hayao Miyazaki,,,Hayao Miyazaki,,"When two girls move to the country to be near their ailing mother, they have adventures with the wondrous forest spirits who live nearby.", My Neighbor Totoro,177,G,1h 26m,8.1,"Animation,Comedy,Family",1988,"1988,1h 26m,G"
"Germany,United States",Germany,United States,,Clint Eastwood,,,Clint Eastwood,,"After a Hmong teenager tries to steal his prized 1972 Gran Torino, a disgruntled, prejudiced Korean War veteran seeks to redeem both the boy and himself.", Gran Torino,176,R,1h 56m,8.1,Drama,2008,"2008,1h 56m,R"
United States,United States,,,Clint Eastwood,,,Clint Eastwood,,"Frankie, an ill-tempered old coach, reluctantly agrees to train aspiring boxer Maggie. Impressed with her determination and talent, he helps her become the best and the two soon form a close...", Million Dollar Baby,178,PG-13,2h 12m,8.1,"Drama,Sport",2004,"2004,2h 12m,PG-13"
"Japan,United States",Japan,United States,,Takashi Yamazaki,,,Takashi Yamazaki,,"Post war Japan is at its lowest point when a new crisis emerges in the form of a giant monster, baptized in the horrific power of the atomic bomb.", Godzilla Minus One,172,PG-13,2h 4m,8.4,"Action,Adventure,Drama",2023,"2023,2h 4m,PG-13"
"United States,Canada",United States,Canada,,Steven Spielberg,,,Steven Spielberg,,"Barely 21 yet, Frank is a skilled forger who has passed as a doctor, lawyer and pilot. FBI agent Carl becomes obsessed with tracking down the con man, who only revels in the pursuit.", Catch Me If You Can,174,PG-13,2h 21m,8.1,"Biography,Crime,Drama",2002,"2002,2h 21m,PG-13"
United States,United States,,,Gavin O'Connor,,,Gavin O'Connor,,"The youngest son of an alcoholic former boxer returns home, where he's trained by his father for competition in a mixed martial arts tournament - a path that puts the fighter on a collision ...", Warrior,173,PG-13,2h 20m,8.1,"Action,Drama,Sport",2011,"2011,2h 20m,PG-13"
"United States,United Kingdom",United States,United Kingdom,,"Joel Coen,Ethan Coen",,,Joel Coen,Ethan Coen,Minnesota car salesman Jerry Lundegaard's inept crime falls apart due to his and his henchmen's bungling and the persistent police work of the quite pregnant Marge Gunderson., Fargo,171,R,1h 38m,8.1,"Crime,Thriller",1996,"1996,1h 38m,R"
"United Kingdom,United States",United Kingdom,United States,,Danny Boyle,,,Danny Boyle,,"Renton, deeply immersed in the Edinburgh drug scene, tries to clean up and get out despite the allure of drugs and the influence of friends.", Trainspotting,169,R,1h 33m,8.1,Drama,1996,"1996,1h 33m,R"
"United Kingdom,United States",United Kingdom,United States,,Martin McDonagh,,,Martin McDonagh,,A mother personally challenges the local authorities to solve her daughter's murder when they fail to catch the culprit.," Three Billboards Outside Ebbing, Missouri",167,R,1h 55m,8.1,"Comedy,Crime,Drama",2017,"2017,1h 55m,R"
"United Kingdom,United States",United Kingdom,United States,,David Lean,,,David Lean,,"British POWs are forced to build a railway bridge across the river Kwai for their Japanese captors in occupied Burma, not knowing that the allied forces are planning a daring commando raid t...", The Bridge on the River Kwai,170,PG,2h 41m,8.1,"Adventure,Drama,War",1957,"1957,2h 41m,PG"
United States,United States,,,Jon Watts,,,Jon Watts,,"With Spider-Man's identity now revealed, Peter asks Doctor Strange for help. When a spell goes wrong, dangerous foes from other worlds start to appear, forcing Peter to discover what it trul...", Spider-Man: No Way Home,168,PG-13,2h 28m,8.2,"Action,Adventure,Fantasy",2021,"2021,2h 28m,PG-13"
"United States,Japan",United States,Japan,,"Pete Docter,Ronnie Del Carmen",,,Pete Docter,Ronnie Del Carmen,"After young Riley is uprooted from her Midwest life and moved to San Francisco, her emotions - Joy, Fear, Anger, Disgust and Sadness - conflict on how best to navigate a new city, house, and...", Inside Out,166,PG,1h 35m,8.1,"Animation,Adventure,Comedy",2015,"2015,1h 35m,PG"
"Argentina,Spain",Argentina,Spain,,Juan José Campanella,,,Juan José Campanella,,A retired legal counselor writes a novel hoping to find closure for one of his past unresolved homicide cases and for his unreciprocated love with his superior - both of which still haunt hi..., The Secret in Their Eyes,165,R,2h 9m,8.2,"Drama,Mystery,Romance",2009,"2009,2h 9m,R"
United States,United States,,,Martin Scorsese,,,Martin Scorsese,,"The life of boxer Jake LaMotta, whose violence and temper that led him to the top in the ring destroyed his life outside of it.", Raging Bull,164,R,2h 9m,8.1,"Biography,Drama,Sport",1980,"1980,2h 9m,R"
"United States,United Kingdom,Germany",United States,United Kingdom,Germany,James McTeigue,,,James McTeigue,,"In a future British dystopian society, a shadowy freedom fighter, known only by the alias of ""V"", plots to overthrow the tyrannical government - with the help of a young woman.", V for Vendetta,162,R,2h 12m,8.2,"Action,Drama,Sci-Fi",2005,"2005,2h 12m,R"
United Kingdom,United Kingdom,,,Guy Ritchie,,,Guy Ritchie,,"Eddy persuades his three pals to pool money for a vital poker game against a powerful local mobster, Hatchet Harry. Eddy loses, after which Harry gives him a week to pay back 500,000 pounds."," Lock, Stock and Two Smoking Barrels",163,R,1h 47m,8.1,"Action,Comedy,Crime",1998,"1998,1h 47m,R"
United States,United States,,,Denis Villeneuve,,,Denis Villeneuve,,"When Keller Dover's daughter and her friend go missing, he takes matters into his own hands as the police pursue multiple leads and the pressure mounts.", Prisoners,159,R,2h 33m,8.1,"Crime,Drama,Mystery",2013,"2013,2h 33m,R"
United States,United States,,,"Victor Fleming,George Cukor,Sam Wood",,,Victor Fleming,George Cukor,A sheltered and manipulative Southern belle and a roguish profiteer face off in a turbulent romance as the society around them crumbles with the end of slavery and is rebuilt during the Civi..., Gone with the Wind,161,Passed,3h 58m,8.2,"Drama,Romance,War",1939,"1939,3h 58m,Passed"
United States,United States,,,Alfred Hitchcock,,,Alfred Hitchcock,,A former tennis star arranges the murder of his adulterous wife., Dial M for Murder,160,PG,1h 45m,8.2,"Crime,Thriller",1954,"1954,1h 45m,PG"
Japan,Japan,,,Hayao Miyazaki,,,Hayao Miyazaki,,"When an unconfident young woman is cursed with an old body by a spiteful witch, her only chance of breaking the spell lies with a self-indulgent yet insecure young wizard and his companions ...", Howl's Moving Castle,158,PG,1h 59m,8.2,"Animation,Adventure,Family",2004,"2004,1h 59m,PG"
"United States,United Kingdom",United States,United Kingdom,,David Lynch,,,David Lynch,,"A Victorian surgeon rescues a heavily disfigured man who is mistreated while scraping a living as a side-show freak. Behind his monstrous façade, there is revealed a person of kindness, inte...", The Elephant Man,156,PG,2h 4m,8.2,"Biography,Drama",1980,"1980,2h 4m,PG"
United States,United States,,,Roman Polanski,,,Roman Polanski,,"A private detective hired to expose an adulterer in 1930s Los Angeles finds himself caught up in a web of deceit, corruption, and murder.", Chinatown,157,R,2h 10m,8.2,"Drama,Mystery,Thriller",1974,"1974,2h 10m,R"
Japan,Japan,,,Akira Kurosawa,,,Akira Kurosawa,,"The rape of a bride and the murder of her samurai husband are recalled from the perspectives of a bandit, the bride, the samurai's ghost and a woodcutter.", Rashomon,155,Not Rated,1h 28m,8.2,"Crime,Drama,Mystery",1950,"1950,1h 28m,Not Rated"
United States,United States,,,Quentin Tarantino,,,Quentin Tarantino,,"After awakening from a four-year coma, a former assassin wreaks vengeance on the team of assassins who betrayed her.", Kill Bill: Vol. 1,151,R,1h 51m,8.2,"Action,Crime,Thriller",2003,"2003,1h 51m,R"
United States,United States,,,John Sturges,,,John Sturges,,Allied prisoners of war plan for several hundred of their number to escape from a German camp during World War II., The Great Escape,153,Approved,2h 52m,8.2,"Adventure,Drama,History",1963,"1963,2h 52m,Approved"
"United States,Japan",United States,Japan,,"Andrew Stanton,Lee Unkrich",,,Andrew Stanton,Lee Unkrich,"After his son is captured in the Great Barrier Reef and taken to Sydney, a timid clownfish sets out on a journey to bring him home.", Finding Nemo,154,G,1h 40m,8.2,"Animation,Adventure,Comedy",2003,"2003,1h 40m,G"
United Kingdom,United Kingdom,,,"Terry Gilliam,Terry Jones",,,Terry Gilliam,Terry Jones,"King Arthur and his Knights of the Round Table embark on a surreal, low-budget search for the Holy Grail, encountering many, very silly obstacles.", Monty Python and the Holy Grail,152,PG,1h 31m,8.2,"Adventure,Comedy,Fantasy",1975,"1975,1h 31m,PG"
"United States,Canada",United States,Canada,,John Carpenter,,,John Carpenter,,A research team in Antarctica is hunted by a shape-shifting alien that assumes the appearance of its victims., The Thing,150,R,1h 49m,8.2,"Horror,Mystery,Sci-Fi",1982,"1982,1h 49m,R"
Japan,Japan,,,Akira Kurosawa,,,Akira Kurosawa,,A crafty ronin comes to a town divided by two criminal gangs and decides to play them against each other to free the town., Yojimbo,149,Not Rated,1h 50m,8.2,"Action,Drama,Thriller",1961,"1961,1h 50m,Not Rated"
United States,United States,,,"Ethan Coen,Joel Coen",,,Ethan Coen,Joel Coen,Violence and mayhem ensue after a hunter stumbles upon a drug deal gone wrong and more than two million dollars in cash near the Rio Grande., No Country for Old Men,147,R,2h 2m,8.2,"Crime,Drama,Thriller",2007,"2007,2h 2m,R"
United States,United States,,,Ron Howard,,,Ron Howard,,"After John Nash, a brilliant but asocial mathematician, accepts secret work in cryptography, his life takes a turn for the nightmarish.", A Beautiful Mind,146,PG-13,2h 15m,8.2,"Biography,Drama,Mystery",2001,"2001,2h 15m,PG-13"
United States,United States,,,Clint Eastwood,,,Clint Eastwood,,"Retired Old West gunslinger William Munny reluctantly takes on one last job, with the help of his old partner Ned Logan and a young man, The ""Schofield Kid.""", Unforgiven,145,R,2h 10m,8.2,"Drama,Western",1992,"1992,2h 10m,R"
"Mexico,Spain",Mexico,Spain,,Guillermo del Toro,,,Guillermo del Toro,,"In the Falangist Spain of 1944, the bookish young stepdaughter of a sadistic army officer escapes into an eerie but captivating fantasy world.", Pan's Labyrinth,143,R,1h 58m,8.2,"Drama,Fantasy,War",2006,"2006,1h 58m,R"
United States,United States,,,M. Night Shyamalan,,,M. Night Shyamalan,,"Malcolm Crowe, a child psychologist, starts treating a young boy, Cole, who encounters dead people and convinces him to help them. In turn, Cole helps Malcolm reconcile with his estranged wi...", The Sixth Sense,144,PG-13,1h 47m,8.2,"Drama,Mystery,Thriller",1999,"1999,1h 47m,PG-13"
United States,United States,,,Steven Spielberg,,,Steven Spielberg,,A pragmatic paleontologist touring an almost complete theme park on an island in Central America is tasked with protecting a couple of kids after a power failure causes the park's cloned din..., Jurassic Park,142,PG-13,2h 7m,8.2,"Action,Adventure,Sci-Fi",1993,"1993,2h 7m,PG-13"
"Japan,France",Japan,France,,Akira Kurosawa,,,Akira Kurosawa,,"In Medieval Japan, an elderly warlord retires, handing over his empire to his three sons. However, he vastly underestimates how the new-found power will corrupt them and cause them to turn o...", Ran,141,R,2h 40m,8.2,"Action,Drama,War",1985,"1985,2h 40m,R"
United States,United States,,,John Huston,,,John Huston,,Two down-on-their-luck Americans searching for work in 1920s Mexico convince an old prospector to help them mine for gold in the Sierra Madre Mountains., The Treasure of the Sierra Madre,148,Passed,2h 6m,8.2,"Adventure,Drama,Western",1948,"1948,2h 6m,Passed"
United States,United States,,,Martin Scorsese,,,Martin Scorsese,,"Teddy Daniels and Chuck Aule, two US marshals, are sent to an asylum on a remote island in order to investigate the disappearance of a patient, where Teddy uncovers a shocking truth about th...", Shutter Island,140,R,2h 18m,8.2,"Mystery,Thriller",2010,"2010,2h 18m,R"
"United States,France",United States,France,,Martin Scorsese,,,Martin Scorsese,,"In Las Vegas, two best friends - a casino executive and a mafia enforcer - compete for a gambling empire and a fast-living, fast-loving socialite.", Casino,139,R,2h 58m,8.2,"Crime,Drama",1995,"1995,2h 58m,R"
United States,United States,,,Peter Weir,,,Peter Weir,,An insurance salesman discovers his whole life is actually a reality TV show., The Truman Show,137,PG,1h 43m,8.2,"Comedy,Drama",1998,"1998,1h 43m,PG"
United States,United States,,,Stanley Kramer,,,Stanley Kramer,,"In 1948, an American court in occupied Germany tries four Nazis judged for war crimes.", Judgment at Nuremberg,136,Approved,2h 59m,8.3,"Drama,War",1961,"1961,2h 59m,Approved"
United States,United States,,,Paul Thomas Anderson,,,Paul Thomas Anderson,,"A story of family, religion, hatred, oil and madness, focusing on a turn-of-the-century prospector in the early days of the business.", There Will Be Blood,138,R,2h 38m,8.2,Drama,2007,"2007,2h 38m,R"
"United States,China",United States,China,,Peter Farrelly,,,Peter Farrelly,,A working-class Italian-American bouncer becomes the driver for an African-American classical pianist on a tour of venues through the 1960s American South., Green Book,134,PG-13,2h 10m,8.2,"Biography,Comedy,Drama",2018,"2018,2h 10m,PG-13"
"United Kingdom,France,United States",United Kingdom,France,United States,Florian Zeller,,,Florian Zeller,,"A man refuses all assistance from his daughter as he ages. As he tries to make sense of his changing circumstances, he begins to doubt his loved ones, his own mind and even the fabric of his...", The Father,133,PG-13,1h 37m,8.2,"Drama,Mystery",2020,"2020,1h 37m,PG-13"
United States,United States,,,Joseph Kosinski,,,Joseph Kosinski,,"After thirty years, Maverick is still pushing the envelope as a top naval aviator, but must confront ghosts of his past when he leads TOP GUN's elite graduates on a mission that demands the ...", Top Gun: Maverick,130,PG-13,2h 10m,8.3,"Action,Drama",2022,"2022,2h 10m,PG-13"
United States,United States,,,Charles Chaplin,,,Charles Chaplin,,"The Tramp cares for an abandoned child, but events put their relationship in jeopardy.", The Kid,132,Passed,1h 8m,8.2,"Comedy,Drama,Family",1921,"1921,1h 8m,Passed"
United States,United States,,,Martin Scorsese,,,Martin Scorsese,,"Based on the true story of Jordan Belfort, from his rise to a wealthy stock-broker living the high life to his fall involving crime, corruption and the federal government.", The Wolf of Wall Street,131,R,3h,8.2,"Biography,Comedy,Crime",2013,"2013,3h,R"
United States,United States,,,Billy Wilder,,,Billy Wilder,,"After two male musicians witness a mob hit, they flee the state in an all-female band disguised as women, but further complications set in.", Some Like It Hot,129,Passed,2h 1m,8.2,"Comedy,Music,Romance",1959,"1959,2h 1m,Passed"
"India,United States",India,United States,,Nitesh Tiwari,,,Nitesh Tiwari,,Former wrestler Mahavir Singh Phogat and his two wrestler daughters struggle towards glory at the Commonwealth Games in the face of societal oppression., Dangal,126,Not Rated,2h 41m,8.3,"Action,Biography,Drama",2016,"2016,2h 41m,Not Rated"
United States,United States,,,Joseph L. Mankiewicz,,,Joseph L. Mankiewicz,,A seemingly timid but secretly ruthless ingénue insinuates herself into the lives of an aging Broadway star and her circle of theater friends., All About Eve,135,Passed,2h 18m,8.2,Drama,1950,"1950,2h 18m,Passed"
"Italy,Spain,West Germany",Italy,Spain,West Germany,Sergio Leone,,,Sergio Leone,,Two bounty hunters with the same intentions team up to track down an escaped Mexican outlaw., For a Few Dollars More,127,R,2h 12m,8.2,"Drama,Western",1965,"1965,2h 12m,R"
"Germany,Austria,Italy",Germany,Austria,Italy,Oliver Hirschbiegel,,,Oliver Hirschbiegel,,"Traudl Junge, the final secretary for Adolf Hitler, tells of the Nazi dictator's final days in his Berlin bunker at the end of WWII.", Downfall,125,R,2h 36m,8.2,"Biography,Drama,History",2004,"2004,2h 36m,R"
"United Kingdom,United States,India,Spain",United Kingdom,United States,"India,Spain",Sam Mendes,,,Sam Mendes,,"April 6th, 1917. As an infantry battalion assembles to wage war deep in enemy territory, two soldiers are assigned to race against time and deliver a message that will stop 1,600 men from wa...", 1917,123,R,1h 59m,8.2,"Action,Drama,War",2019,"2019,1h 59m,R"
United States,United States,,,Martin Scorsese,,,Martin Scorsese,,"A mentally unstable veteran works as a nighttime taxi driver in New York City, where the perceived decadence and sleaze fuels his urge for violent action.", Taxi Driver,124,R,1h 54m,8.2,"Crime,Drama",1976,"1976,1h 54m,R"
United States,United States,,,Curtis Hanson,,,Curtis Hanson,,"As corruption grows in 1950s Los Angeles, three policemen - one strait-laced, one brutal, and one sleazy - investigate a series of murders with their own brand of justice.", L.A. Confidential,122,R,2h 18m,8.2,"Crime,Drama,Mystery",1997,"1997,2h 18m,R"
"United States,United Kingdom",United States,United Kingdom,,Christopher Nolan,,,Christopher Nolan,,"After witnessing his parents' death, Bruce learns the art of fighting to confront injustice. When he returns to Gotham as Batman, he must stop a secret society that intends to destroy the ci...", Batman Begins,128,PG-13,2h 20m,8.2,"Action,Crime,Drama",2005,"2005,2h 20m,PG-13"
"United Kingdom,United States",United Kingdom,United States,,Guy Ritchie,,,Guy Ritchie,,"Unscrupulous boxing promoters, violent bookmakers, a Russian gangster, incompetent amateur robbers and supposedly Jewish jewelers fight to track down a priceless stolen diamond.", Snatch,120,R,1h 42m,8.2,"Comedy,Crime",2000,"2000,1h 42m,R"
Italy,Italy,,,Vittorio De Sica,,,Vittorio De Sica,,"In post-war Italy, a working-class man's bicycle is stolen, endangering his efforts to find work. He and his son set out to find it.", Bicycle Thieves,121,Not Rated,1h 29m,8.3,Drama,1948,"1948,1h 29m,Not Rated"
India,India,,,"Aamir Khan,Amole Gupte",,,Aamir Khan,Amole Gupte,"An eight-year-old boy is thought to be a lazy trouble-maker, until the new art teacher has the patience and compassion to discover the real problem behind his struggles in school.", Like Stars on Earth,119,PG,2h 42m,8.3,"Drama,Family",2007,"2007,2h 42m,PG"
Germany,Germany,,,Fritz Lang,,,Fritz Lang,,"In a futuristic city sharply divided between the working class and the city planners, the son of the city's mastermind falls in love with a working-class prophet who predicts the coming of a...", Metropolis,118,Not Rated,2h 33m,8.3,"Drama,Sci-Fi",1927,"1927,2h 33m,Not Rated"
United States,United States,,,Steven Spielberg,,,Steven Spielberg,,"In 1938, after his father goes missing while pursuing the Holy Grail, Indiana Jones finds himself up against the Nazis again to stop them from obtaining its powers.", Indiana Jones and the Last Crusade,116,PG-13,2h 7m,8.2,"Action,Adventure",1989,"1989,2h 7m,PG-13"
United States,United States,,,Thomas Kail,,,Thomas Kail,,"The real life of one of America's foremost founding fathers and first Secretary of the Treasury, Alexander Hamilton. Captured live on Broadway from the Richard Rodgers Theater with the origi...", Hamilton,115,PG-13,2h 40m,8.3,"Biography,Drama,History",2020,"2020,2h 40m,PG-13"
United States,United States,,,John McTiernan,,,John McTiernan,,A New York City police officer tries to save his estranged wife and several others taken hostage by terrorists during a Christmas party at the Nakatomi Plaza in Los Angeles., Die Hard,117,R,2h 12m,8.2,"Action,Thriller",1988,"1988,2h 12m,R"
United States,United States,,,Robert Mulligan,,,Robert Mulligan,,"Atticus Finch, a widowed lawyer in Depression-era Alabama, defends a Black man against an undeserved rape charge, and tries to educate his young children against prejudice.", To Kill a Mockingbird,112,Approved,2h 9m,8.3,"Crime,Drama",1962,"1962,2h 9m,Approved"
"Iran,France,Australia",Iran,France,Australia,Asghar Farhadi,,,Asghar Farhadi,,A married couple are faced with a difficult decision - to improve the life of their child by moving to another country or to stay in Iran and look after a deteriorating parent who has Alzhei..., A Separation,114,PG-13,2h 3m,8.3,Drama,2011,"2011,2h 3m,PG-13"
"United States,Japan",United States,Japan,,"Pete Docter,Bob Peterson",,,Pete Docter,Bob Peterson,"78-year-old Carl Fredricksen travels to Paradise Falls in his house equipped with balloons, inadvertently taking a young stowaway.", Up,111,PG,1h 36m,8.3,"Animation,Adventure,Comedy",2009,"2009,1h 36m,PG"
United States,United States,,,George Roy Hill,,,George Roy Hill,,Two grifters team up to pull off the ultimate con., The Sting,113,PG,2h 9m,8.3,"Comedy,Crime,Drama",1973,"1973,2h 9m,PG"
United States,United States,,,Michael Mann,,,Michael Mann,,A group of high-end professional thieves start to feel the heat from the LAPD when they unknowingly leave a verbal clue at their latest heist., Heat,110,R,2h 50m,8.3,"Action,Crime,Drama",1995,"1995,2h 50m,R"
"Canada,France",Canada,France,,Denis Villeneuve,,,Denis Villeneuve,,Twins journey to the Middle East to discover their family history and fulfill their mother's last wishes., Incendies,108,R,2h 11m,8.3,"Drama,Mystery,War",2010,"2010,2h 11m,R"
"United Kingdom,United States",United Kingdom,United States,,Stanley Kubrick,,,Stanley Kubrick,,"In the future, a sadistic gang leader is imprisoned and volunteers for a conduct-aversion experiment, but it doesn't go as planned.", A Clockwork Orange,109,X,2h 16m,8.3,"Crime,Sci-Fi",1971,"1971,2h 16m,X"
"United Kingdom,United States",United Kingdom,United States,,Stanley Kubrick,,,Stanley Kubrick,,A pragmatic U.S. Marine observes the dehumanizing effects the Vietnam War has on his fellow recruits from their brutal boot camp training to the bloody street fighting in Hue., Full Metal Jacket,107,R,1h 56m,8.3,"Drama,War",1987,"1987,1h 56m,R"
"France,Germany",France,Germany,,Jean-Pierre Jeunet,,,Jean-Pierre Jeunet,,"Despite being caught in her imaginative world, Amelie, a young waitress, decides to help people find happiness. Her quest to spread joy leads her on a journey where she finds true love.", Amélie,106,R,2h 2m,8.3,"Comedy,Romance",2001,"2001,2h 2m,R"
United States,United States,,,Billy Wilder,,,Billy Wilder,,"A Los Angeles insurance representative lets an alluring housewife seduce him into a scheme of insurance fraud and murder that arouses the suspicion of his colleague, an insurance investigato...", Double Indemnity,104,Passed,1h 47m,8.3,"Crime,Drama,Film-Noir",1944,"1944,1h 47m,Passed"
United States,United States,,,Alfred Hitchcock,,,Alfred Hitchcock,,"A New York City advertising executive goes on the run after being mistaken for a government agent by a group of foreign spies, and falls for a woman whose loyalties he begins to doubt.", North by Northwest,102,Approved,2h 16m,8.3,"Action,Adventure,Mystery",1959,"1959,2h 16m,Approved"
Germany,Germany,,,Fritz Lang,,,Fritz Lang,,"When the police in a German city are unable to catch a child-murderer, other criminals join in the manhunt.", M,101,Passed,1h 39m,8.3,"Crime,Mystery,Thriller",1931,"1931,1h 39m,Passed"
United States,United States,,,Brian De Palma,,,Brian De Palma,,"In 1980 Miami, a determined Cuban immigrant takes over a drug cartel and succumbs to greed.", Scarface,105,18+,2h 50m,8.3,"Crime,Drama",1983,"1983,2h 50m,18+"
United States,United States,,,Alfred Hitchcock,,,Alfred Hitchcock,,"A former San Francisco police detective juggles wrestling with his personal demons and becoming obsessed with the hauntingly beautiful woman he has been hired to trail, who may be deeply dis...", Vertigo,103,PG,2h 8m,8.3,"Mystery,Romance,Thriller",1958,"1958,2h 8m,PG"
United States,United States,,,Orson Welles,,,Orson Welles,,"Following the death of publishing tycoon Charles Foster Kane, reporters scramble to uncover the meaning of his final utterance: 'Rosebud.'", Citizen Kane,100,PG,1h 59m,8.3,"Drama,Mystery",1941,"1941,1h 59m,PG"
United States,United States,,,Billy Wilder,,,Billy Wilder,,"A Manhattan insurance clerk tries to rise in his company by letting its executives use his apartment for trysts, but complications and a romance of his own ensue.", The Apartment,99,Approved,2h 5m,8.3,"Comedy,Drama,Romance",1960,"1960,2h 5m,Approved"
Japan,Japan,,,Akira Kurosawa,,,Akira Kurosawa,,A bureaucrat tries to find meaning in his life after he discovers he has terminal cancer., Ikiru,97,Not Rated,2h 23m,8.3,Drama,1952,"1952,2h 23m,Not Rated"
United Kingdom,United Kingdom,,,David Lean,,,David Lean,,"The story of T.E. Lawrence, the English officer who successfully united and led the diverse, often warring, Arab tribes during World War I in order to fight the Turks.", Lawrence of Arabia,98,Approved,3h 38m,8.3,"Adventure,Biography,Drama",1962,"1962,3h 38m,Approved"
United States,United States,,,Quentin Tarantino,,,Quentin Tarantino,,"When a simple jewelry heist goes horribly wrong, the surviving criminals begin to suspect that one of them is a police informant.", Reservoir Dogs,96,R,1h 39m,8.3,"Crime,Thriller",1992,"1992,1h 39m,R"
United States,United States,,,Michel Gondry,,,Michel Gondry,,"When their relationship turns sour, a couple undergoes a medical procedure to have each other erased from their memories for ever.", Eternal Sunshine of the Spotless Mind,93,R,1h 48m,8.3,"Drama,Romance,Sci-Fi",2004,"2004,1h 48m,R"
"United Kingdom,United States",United Kingdom,United States,,Stanley Kubrick,,,Stanley Kubrick,,"After uncovering a mysterious artifact buried beneath the Lunar surface, a spacecraft is sent to Jupiter to find its origins: a spacecraft manned by two men and the supercomputer HAL 9000.", 2001: A Space Odyssey,95,G,2h 29m,8.3,"Adventure,Sci-Fi",1968,"1968,2h 29m,G"
"Denmark,Sweden",Denmark,Sweden,,Thomas Vinterberg,,,Thomas Vinterberg,,"A teacher lives a lonely life, all the while struggling over his son's custody. His life slowly gets better as he finds love and receives good news from his son, but his new luck is about to...", The Hunt,94,R,1h 55m,8.3,Drama,2012,"2012,1h 55m,R"
"United States,Japan",United States,Japan,,Lee Unkrich,,,Lee Unkrich,,"The toys are mistakenly delivered to a day-care center instead of the attic right before Andy leaves for college, and it's up to Woody to convince the other toys that they weren't abandoned ...", Toy Story 3,91,G,1h 43m,8.3,"Animation,Adventure,Comedy",2010,"2010,1h 43m,G"
United States,United States,,,Richard Marquand,,,Richard Marquand,,"After rescuing Han Solo from Jabba the Hutt, the Rebels attempt to destroy the second Death Star, while Luke struggles to help Darth Vader back from the dark side.", Star Wars: Episode VI - Return of the Jedi,92,PG,2h 11m,8.3,"Action,Adventure,Fantasy",1983,"1983,2h 11m,PG"
United States,United States,,,Darren Aronofsky,,,Darren Aronofsky,,The drug-induced utopias of four Coney Island people are shattered when their addictions run deep., Requiem for a Dream,89,Unrated,1h 42m,8.3,Drama,2000,"2000,1h 42m,Unrated"
Soviet Union,Soviet Union,,,Elem Klimov,,,Elem Klimov,,"After finding an old rifle, a young boy joins the Soviet resistance movement against ruthless German forces and experiences the horrors of World War II.", Come and See,90,Not Rated,2h 22m,8.4,"Drama,Thriller,War",1985,"1985,2h 22m,Not Rated"
"Lebanon,United States,France,Cyprus,Qatar,United Kingdom",Lebanon,United States,"France,Cyprus,Qatar,United Kingdom",Nadine Labaki,,,Nadine Labaki,,"While serving a five-year sentence for a violent crime, a 12-year-old boy sues his parents for neglect.", Capernaum,88,R,2h 6m,8.4,Drama,2018,"2018,2h 6m,R"
United States,United States,,,"Stanley Donen,Gene Kelly",,,Stanley Donen,Gene Kelly,A silent film star falls for a chorus girl just as he and his delusionally jealous screen partner are trying to make the difficult transition to talking pictures in 1920s Hollywood., Singin' in the Rain,87,G,1h 43m,8.3,"Comedy,Musical,Romance",1952,"1952,1h 43m,G"
India,India,,,Rajkumar Hirani,,,Rajkumar Hirani,,"Two friends are searching for their long lost companion. They revisit their college days and recall the memories of their friend who inspired them to think differently, even as the rest of t...", 3 Idiots,85,PG-13,2h 50m,8.4,"Comedy,Drama",2009,"2009,2h 50m,PG-13"
Japan,Japan,,,Akira Kurosawa,,,Akira Kurosawa,,An executive of a Yokohama shoe company becomes a victim of extortion when his chauffeur's son is kidnapped by mistake and held for ransom., High and Low,86,Not Rated,2h 23m,8.4,"Crime,Drama,Mystery",1963,"1963,2h 23m,Not Rated"
Japan,Japan,,,Hayao Miyazaki,,,Hayao Miyazaki,,"On a journey to find the cure for a Tatarigami's curse, Ashitaka finds himself in the middle of a war between the forest gods and Tatara, a mining colony. In this quest he also meets San, th...", Princess Mononoke,81,PG-13,2h 14m,8.3,"Animation,Action,Adventure",1997,"1997,2h 14m,PG-13"
"United States,Italy",United States,Italy,,Sergio Leone,,,Sergio Leone,,"A former Prohibition-era Jewish gangster returns to the Lower East Side of Manhattan 35 years later, where he must once again confront the ghosts and regrets of his old life.", Once Upon a Time in America,84,R,3h 49m,8.3,"Crime,Drama",1984,"1984,3h 49m,R"
United States,United States,,,Gus Van Sant,,,Gus Van Sant,,"Will Hunting, a janitor at M.I.T., has a gift for mathematics, but needs help from a psychologist to find direction in his life.", Good Will Hunting,82,R,2h 6m,8.3,"Drama,Romance",1997,"1997,2h 6m,R"
Japan,Japan,,,Makoto Shinkai,,,Makoto Shinkai,,"Two teenagers share a profound, magical connection upon discovering they are swapping bodies. Things manage to become even more complicated when the boy and girl decide to meet in person.", Your Name.,83,TV-PG,1h 46m,8.4,"Animation,Drama,Fantasy",2016,"2016,1h 46m,TV-PG"
"United States,Canada",United States,Canada,,Todd Phillips,,,Todd Phillips,,"During the 1980s, a failed stand-up comedian is driven insane and turns to a life of crime and chaos in Gotham City while becoming an infamous psychopathic crime figure.", Joker,80,R,2h 2m,8.4,"Crime,Drama,Thriller",2019,"2019,2h 2m,R"
United States,United States,,,Mel Gibson,,,Mel Gibson,,Scottish warrior William Wallace leads his countrymen in a rebellion to free his homeland from the tyranny of King Edward I of England., Braveheart,78,R,2h 58m,8.3,"Biography,Drama,History",1995,"1995,2h 58m,R"
"West Germany,Italy,France,United Kingdom",West Germany,Italy,"France,United Kingdom",Wolfgang Petersen,,,Wolfgang Petersen,,A German U-boat stalks the frigid waters of the North Atlantic as its young crew experience the sheer terror and claustrophobic life of a submariner in World War II., Das Boot,77,,2h 29m,8.4,"Drama,War",1981,"1981,2h 29m"
"United States,Japan",United States,Japan,,John Lasseter,,,John Lasseter,,A cowboy doll is profoundly threatened and jealous when a new spaceman action figure supplants him as top toy in a boy's bedroom., Toy Story,76,G,1h 21m,8.3,"Animation,Adventure,Comedy",1995,"1995,1h 21m,G"
"United States,Mexico,Japan",United States,Mexico,Japan,"Lee Unkrich,Adrian Molina",,,Lee Unkrich,Adrian Molina,"Aspiring musician Miguel, confronted with his family's ancestral ban on music, enters the Land of the Dead to find his great-great-grandfather, a legendary singer.", Coco,74,PG,1h 45m,8.4,"Animation,Adventure,Drama",2017,"2017,1h 45m,PG"
South Korea,South Korea,,,Park Chan-wook,,,Park Chan-wook,,"After being kidnapped and imprisoned for fifteen years, Oh Dae-Su is released, only to find that he must find his captor in five days.", Oldboy,73,R,2h,8.4,"Action,Drama,Mystery",2003,"2003,2h,R"
"United States,France",United States,France,,Milos Forman,,,Milos Forman,,"The life, success and troubles of Wolfgang Amadeus Mozart, as told by Antonio Salieri, the contemporaneous composer who was deeply jealous of Mozart's talent and claimed to have murdered him...", Amadeus,75,PG,2h 40m,8.4,"Biography,Drama,Music",1984,"1984,2h 40m,PG"
"United Kingdom,United States",United Kingdom,United States,,Stanley Kubrick,,,Stanley Kubrick,,"An insane American general orders a bombing attack on the Soviet Union, triggering a path to nuclear holocaust that a war room full of politicians and generals frantically tries to stop.", Dr. Strangelove or: How I Learned to Stop Worrying and Love the Bomb,72,PG,1h 35m,8.4,"Comedy,War",1964,"1964,1h 35m,PG"
"United States,United Kingdom",United States,United Kingdom,,Christopher Nolan,,,Christopher Nolan,,"Eight years after the Joker's reign of chaos, Batman is coerced out of exile with the assistance of the mysterious Selina Kyle in order to defend Gotham City from the vicious guerrilla terro...", The Dark Knight Rises,70,PG-13,2h 44m,8.4,"Action,Drama,Thriller",2012,"2012,2h 44m,PG-13"
"Germany,United States",Germany,United States,,Quentin Tarantino,,,Quentin Tarantino,,"In Nazi-occupied France during World War II, a plan to assassinate Nazi leaders by a group of Jewish U.S. soldiers coincides with a theatre owner's vengeful plans for the same.", Inglourious Basterds,69,R,2h 33m,8.4,"Adventure,Drama,War",2009,"2009,2h 33m,R"
United States,United States,,,Sam Mendes,,,Sam Mendes,,A sexually frustrated suburban father has a mid-life crisis after becoming infatuated with his daughter's best friend., American Beauty,71,R,2h 2m,8.3,Drama,1999,"1999,2h 2m,R"
United States,United States,,,"Anthony Russo,Joe Russo",,,Anthony Russo,Joe Russo,"After the devastating events of Avengers: Infinity War (2018), the universe is in ruins. With the help of remaining allies, the Avengers assemble once more in order to reverse Thanos' action...", Avengers: Endgame,79,PG-13,3h 1m,8.4,"Action,Adventure,Drama",2019,"2019,3h 1m,PG-13"
"United Kingdom,United States",United Kingdom,United States,,James Cameron,,,James Cameron,,"Decades after surviving the Nostromo incident, Ellen Ripley is sent out to re-establish contact with a terraforming colony but finds herself battling the Alien Queen and her offspring.", Aliens,67,R,2h 17m,8.4,"Action,Adventure,Sci-Fi",1986,"1986,2h 17m,R"
"United States,United Kingdom",United States,United Kingdom,,Christopher Nolan,,,Christopher Nolan,,The story of American scientist J. Robert Oppenheimer and his role in the development of the atomic bomb., Oppenheimer,68,R,3h,8.4,"Biography,Drama,History",2023,"2023,3h,R"
United States,United States,,,Charles Chaplin,,,Charles Chaplin,,Dictator Adenoid Hynkel tries to expand his empire while a poor Jewish barber tries to avoid persecution from Hynkel's regime., The Great Dictator,66,G,2h 5m,8.4,"Comedy,Drama,War",1940,"1940,2h 5m,G"
United States,United States,,,Billy Wilder,,,Billy Wilder,,A veteran British barrister must defend his client in a murder trial that has surprise after surprise., Witness for the Prosecution,65,Approved,1h 56m,8.4,"Crime,Drama,Mystery",1957,"1957,1h 56m,Approved"
"Canada,United States",Canada,United States,,"Bob Persichetti,Peter Ramsey,Rodney Rothman",,,Bob Persichetti,Peter Ramsey,Teen Miles Morales becomes the Spider-Man of his universe and must join with five spider-powered individuals from other dimensions to stop a threat for all realities., Spider-Man: Into the Spider-Verse,64,PG,1h 57m,8.4,"Animation,Action,Adventure",2018,"2018,1h 57m,PG"
"United Kingdom,United States",United Kingdom,United States,,Stanley Kubrick,,,Stanley Kubrick,,"A family heads to an isolated hotel for the winter where a sinister presence influences the father into violence, while his psychic son sees horrific forebodings from both past and future.", The Shining,63,R,2h 26m,8.4,"Drama,Horror",1980,"1980,2h 26m,R"
"United States,Norway",United States,Norway,,"Anthony Russo,Joe Russo",,,Anthony Russo,Joe Russo,The Avengers and their allies must be willing to sacrifice all in an attempt to defeat the powerful Thanos before his blitz of devastation and ruin puts an end to the universe., Avengers: Infinity War,62,PG-13,2h 29m,8.4,"Action,Adventure,Sci-Fi",2018,"2018,2h 29m,PG-13"
United States,United States,,,Stanley Kubrick,,,Stanley Kubrick,,"After refusing to attack an enemy position, a general accuses the soldiers of cowardice and their commanding officer must defend them.", Paths of Glory,61,Approved,1h 28m,8.4,"Drama,War",1957,"1957,1h 28m,Approved"
United States,United States,,,Billy Wilder,,,Billy Wilder,,A screenwriter develops a dangerous relationship with a faded film star determined to make a triumphant return., Sunset Blvd.,60,Passed,1h 50m,8.4,"Drama,Film-Noir",1950,"1950,1h 50m,Passed"
"United States,Japan",United States,Japan,,Andrew Stanton,,,Andrew Stanton,,"In the distant future, a small waste-collecting robot inadvertently embarks on a space journey that will ultimately decide the fate of mankind.", WALL·E,58,G,1h 38m,8.4,"Animation,Adventure,Family",2008,"2008,1h 38m,G"
"Germany,France",Germany,France,,Florian Henckel von Donnersmarck,,,Florian Henckel von Donnersmarck,,"In 1984 East Berlin, an agent of the secret police, conducting surveillance on a writer and his lover, finds himself becoming increasingly absorbed by their lives.", The Lives of Others,59,R,2h 17m,8.4,"Drama,Mystery,Thriller",2006,"2006,2h 17m,R"
United States,United States,,,Steven Spielberg,,,Steven Spielberg,,"In 1936, archaeologist and adventurer Indiana Jones is hired by the U.S. government to find the Ark of the Covenant before the Nazis can obtain its awesome powers.", Raiders of the Lost Ark,57,PG,1h 55m,8.4,"Action,Adventure",1981,"1981,1h 55m,PG"
United States,United States,,,Quentin Tarantino,,,Quentin Tarantino,,"With the help of a German bounty-hunter, a freed slave sets out to rescue his wife from a brutal plantation owner in Mississippi.", Django Unchained,55,R,2h 45m,8.5,"Drama,Western",2012,"2012,2h 45m,R"
United States,United States,,,Francis Ford Coppola,,,Francis Ford Coppola,,A U.S. Army officer serving in Vietnam is tasked with assassinating a renegade Special Forces Colonel who sees himself as a god., Apocalypse Now,54,R,2h 27m,8.4,"Drama,Mystery,War",1979,"1979,2h 27m,R"
United States,United States,,,Christopher Nolan,,,Christopher Nolan,,A man with short-term memory loss attempts to track down his wife's murderer., Memento,56,R,1h 53m,8.4,"Mystery,Thriller",2000,"2000,1h 53m,R"
United States,United States,,,Charles Chaplin,,,Charles Chaplin,,"With the aid of a wealthy erratic tippler, a dewy-eyed tramp who has fallen in love with a sightless flower girl accumulates money to be able to help her medically.", City Lights,53,G,1h 27m,8.5,"Comedy,Drama,Romance",1931,"1931,1h 27m,G"
"United Kingdom,United States",United Kingdom,United States,,Ridley Scott,,,Ridley Scott,,The crew of a commercial spacecraft encounters a deadly lifeform after investigating an unknown transmission., Alien,52,R,1h 57m,8.5,"Horror,Sci-Fi",1979,"1979,1h 57m,R"
"Italy,United States",Italy,United States,,Sergio Leone,,,Sergio Leone,,A mysterious stranger with a harmonica joins forces with a notorious desperado to protect a beautiful widow from a ruthless assassin working for the railroad., Once Upon a Time in the West,51,PG-13,2h 46m,8.5,Western,1968,"1968,2h 46m,PG-13"
United States,United States,,,Alfred Hitchcock,,,Alfred Hitchcock,,"A photographer in a wheelchair spies on his neighbors from his Greenwich Village courtyard apartment window, and becomes convinced one of them has committed murder, despite the skepticism of...", Rear Window,50,PG,1h 52m,8.5,"Mystery,Thriller",1954,"1954,1h 52m,PG"
"Italy,France",Italy,France,,Giuseppe Tornatore,,,Giuseppe Tornatore,,A filmmaker recalls his childhood when falling in love with the pictures at the cinema of his home village and forms a deep friendship with the cinema's projectionist., Cinema Paradiso,49,PG,2h 35m,8.5,"Drama,Romance",1988,"1988,2h 35m,PG"
United States,United States,,,Charles Chaplin,,,Charles Chaplin,,The Tramp struggles to live in modern industrial society with the help of a young homeless woman., Modern Times,48,G,1h 27m,8.5,"Comedy,Drama,Romance",1936,"1936,1h 27m,G"
United States,United States,,,Michael Curtiz,,,Michael Curtiz,,A cynical expatriate American cafe owner struggles to decide whether or not to help his former lover and her fugitive husband escape the Nazis in French Morocco., Casablanca,46,PG,1h 42m,8.5,"Drama,Romance,War",1942,"1942,1h 42m,PG"
Japan,Japan,,,Masaki Kobayashi,,,Masaki Kobayashi,,"When a ronin requesting seppuku at a feudal lord's palace is told of the brutal suicide of another ronin who previously visited, he reveals how their pasts are intertwined - and in doing so ...", Harakiri,45,Not Rated,2h 13m,8.6,"Action,Drama,Mystery",1962,"1962,2h 13m,Not Rated"
"United States,Germany",United States,Germany,,Bryan Singer,,,Bryan Singer,,The sole survivor of a pier shoot-out tells the story of how a notorious criminal influenced the events that began with five criminals meeting in a seemingly random police lineup., The Usual Suspects,44,R,1h 46m,8.5,"Crime,Drama,Mystery",1995,"1995,1h 46m,R"
France,France,,,"Olivier Nakache,Éric Toledano",,,Olivier Nakache,Éric Toledano,"After he becomes a quadriplegic from a paragliding accident, an aristocrat hires a young man from the projects to be his caregiver.", The Intouchables,47,R,1h 52m,8.5,"Biography,Comedy,Drama",2011,"2011,1h 52m,R"
Japan,Japan,,,Isao Takahata,,,Isao Takahata,,A young boy and his little sister struggle to survive in Japan during World War II., Grave of the Fireflies,43,Not Rated,1h 29m,8.5,"Animation,Drama,War",1988,"1988,1h 29m,Not Rated"
"United Kingdom,United States",United Kingdom,United States,,Christopher Nolan,,,Christopher Nolan,,"After a tragic accident, two stage magicians in 1890s London engage in a battle to create the ultimate illusion while sacrificing everything they have to outwit each other.", The Prestige,42,PG-13,2h 10m,8.5,"Drama,Mystery,Sci-Fi",2006,"2006,2h 10m,PG-13"
United States,United States,,,Damien Chazelle,,,Damien Chazelle,,A promising young drummer enrolls at a cut-throat music conservatory where his dreams of greatness are mentored by an instructor who will stop at nothing to realize a student's potential., Whiplash,41,R,1h 46m,8.5,"Drama,Music",2014,"2014,1h 46m,R"
United States,United States,,,"Roger Allers,Rob Minkoff",,,Roger Allers,Rob Minkoff,"Lion prince Simba and his father are targeted by his bitter uncle, who wants to ascend the throne himself.", The Lion King,37,G,1h 28m,8.5,"Animation,Adventure,Drama",1994,"1994,1h 28m,G"
United States,United States,,,Alfred Hitchcock,,,Alfred Hitchcock,,"A Phoenix secretary embezzles $40,000 from her employer's client, goes on the run and checks into a remote motel run by a young man under the domination of his mother.", Psycho,35,R,1h 49m,8.5,"Horror,Mystery,Thriller",1960,"1960,1h 49m,R"
"United States,United Kingdom,Malta,Morocco",United States,United Kingdom,"Malta,Morocco",Ridley Scott,,,Ridley Scott,,A former Roman General sets out to exact vengeance against the corrupt emperor who murdered his family and sent him into slavery., Gladiator,36,R,2h 35m,8.5,"Action,Adventure,Drama",2000,"2000,2h 35m,R"
"United States,Hong Kong",United States,Hong Kong,,Martin Scorsese,,,Martin Scorsese,,An undercover cop and a mole in the police attempt to identify each other while infiltrating an Irish gang in South Boston., The Departed,40,R,2h 31m,8.5,"Crime,Drama,Thriller",2006,"2006,2h 31m,R"
"France,United States",France,United States,,Luc Besson,,,Luc Besson,,"12-year-old Mathilda is reluctantly taken in by Léon, a professional assassin, after her family is murdered. An unusual relationship forms as she becomes his protégée and learns the assassin...", Léon: The Professional,38,R,1h 50m,8.5,"Action,Crime,Drama",1994,"1994,1h 50m,R"
South Korea,South Korea,,,Bong Joon Ho,,,Bong Joon Ho,,Greed and class discrimination threaten the newly formed symbiotic relationship between the wealthy Park family and the destitute Kim clan., Parasite,34,R,2h 12m,8.5,"Drama,Thriller",2019,"2019,2h 12m,R"
United States,United States,,,Tony Kaye,,,Tony Kaye,,"Living a life marked by violence, neo-Nazi Derek finally goes to prison after killing two black youths. Upon his release, Derek vows to change; he hopes to prevent his brother, Danny, who id...", American History X,39,R,1h 59m,8.5,"Crime,Drama",1998,"1998,1h 59m,R"
"France,Poland,Germany,United Kingdom,United States",France,Poland,"Germany,United Kingdom,United States",Roman Polanski,,,Roman Polanski,,"During the WWII, acclaimed Polish musician Wladyslaw faces various struggles as he loses contact with his family. As the situation worsens, he hides in the ruins of Warsaw in order to surviv...", The Pianist,33,R,2h 30m,8.5,"Biography,Drama,Music",2002,"2002,2h 30m,R"
United States,United States,,,Robert Zemeckis,,,Robert Zemeckis,,"Marty McFly, a 17-year-old high school student, is accidentally sent 30 years into the past in a time-traveling DeLorean invented by his close friend, the maverick scientist Doc Brown.", Back to the Future,31,PG,1h 56m,8.5,"Adventure,Comedy,Sci-Fi",1985,"1985,1h 56m,PG"
Japan,Japan,,,Hayao Miyazaki,,,Hayao Miyazaki,,"During her family's move to the suburbs, a sullen 10-year-old girl wanders into a world ruled by gods, witches and spirits, a world where humans are changed into beasts.", Spirited Away,32,PG,2h 5m,8.6,"Animation,Adventure,Family",2001,"2001,2h 5m,PG"
United States,United States,,,"Joaquim Dos Santos,Kemp Powers,Justin K. Thompson",,,Joaquim Dos Santos,Kemp Powers,"Miles Morales catapults across the multiverse, where he encounters a team of Spider-People charged with protecting its very existence. When the heroes clash on how to handle a new threat, Mi...", Spider-Man: Across the Spider-Verse,30,PG,2h 20m,8.6,"Animation,Action,Adventure",2023,"2023,2h 20m,PG"
United States,United States,,,George Lucas,,,George Lucas,,"Luke Skywalker joins forces with a Jedi Knight, a cocky pilot, a Wookiee and two droids to save the galaxy from the Empire's world-destroying battle station, while also attempting to rescue ...", Star Wars: Episode IV - A New Hope,28,PG,2h 1m,8.6,"Action,Adventure,Fantasy",1977,"1977,2h 1m,PG"
United States,United States,,,Frank Darabont,,,Frank Darabont,,"A tale set on death row in a Southern jail, where gentle giant John possesses the mysterious power to heal people's ailments. When the lead guard, Paul, recognizes John's gift, he tries to h...", The Green Mile,27,R,3h 9m,8.6,"Crime,Drama,Fantasy",1999,"1999,3h 9m,R"
"Brazil,France,Germany",Brazil,France,Germany,"Fernando Meirelles,Kátia Lund",,,Fernando Meirelles,Kátia Lund,"In the slums of Rio, two kids' paths diverge as one struggles to become a photographer and the other a kingpin.", City of God,25,R,2h 10m,8.6,"Crime,Drama",2002,"2002,2h 10m,R"
United States,United States,,,Steven Spielberg,,,Steven Spielberg,,"Following the Normandy Landings, a group of U.S. soldiers go behind enemy lines to retrieve a paratrooper whose brothers have been killed in action.", Saving Private Ryan,24,R,2h 49m,8.6,"Drama,War",1998,"1998,2h 49m,R"
"United States,United Kingdom,Canada",United States,United Kingdom,Canada,Christopher Nolan,,,Christopher Nolan,,"When Earth becomes uninhabitable in the future, a farmer and ex-NASA pilot, Joseph Cooper, is tasked to pilot a spacecraft, along with a team of researchers, to find a new planet for humans.", Interstellar,22,PG-13,2h 49m,8.7,"Adventure,Drama,Sci-Fi",2014,"2014,2h 49m,PG-13"
United States,United States,,,Jonathan Demme,,,Jonathan Demme,,"A young F.B.I. cadet must receive the help of an incarcerated and manipulative cannibal killer to help catch another serial killer, a madman who skins his victims.", The Silence of the Lambs,23,R,1h 58m,8.6,"Crime,Drama,Thriller",1991,"1991,1h 58m,R"
"United States,Australia",United States,Australia,,"Lana Wachowski,Lilly Wachowski",,,Lana Wachowski,Lilly Wachowski,"When a beautiful stranger leads computer hacker Neo to a forbidding underworld, he discovers the shocking truth--the life he knows is the elaborate deception of an evil cyber-intelligence.", The Matrix,16,R,2h 16m,8.7,"Action,Sci-Fi",1999,"1999,2h 16m,R"
United States,United States,,,Irvin Kershner,,,Irvin Kershner,,"After the Rebels are overpowered by the Empire, Luke Skywalker begins his Jedi training with Yoda, while his friends are pursued across the galaxy by Darth Vader and bounty hunter Boba Fett.", Star Wars: Episode V - The Empire Strikes Back,15,PG,2h 4m,8.7,"Action,Adventure,Fantasy",1980,"1980,2h 4m,PG"
Italy,Italy,,,Roberto Benigni,,,Roberto Benigni,,"When an open-minded Jewish waiter and his son become victims of the Holocaust, he uses a perfect mixture of will, humor and imagination to protect his son from the dangers around their camp.", Life Is Beautiful,26,PG-13,1h 56m,8.6,"Comedy,Drama,Romance",1997,"1997,1h 56m,PG-13"
"United States,United Kingdom",United States,United Kingdom,,Christopher Nolan,,,Christopher Nolan,,"A thief who steals corporate secrets through the use of dream-sharing technology is given the inverse task of planting an idea into the mind of a C.E.O., but his tragic past may doom the pro...", Inception,14,PG-13,2h 28m,8.8,"Action,Adventure,Sci-Fi",2010,"2010,2h 28m,PG-13"
"New Zealand,United States",New Zealand,United States,,Peter Jackson,,,Peter Jackson,,"While Frodo and Sam edge closer to Mordor with the help of the shifty Gollum, the divided fellowship makes a stand against Sauron's new ally, Saruman, and his hordes of Isengard.", The Lord of the Rings: The Two Towers,13,PG-13,2h 59m,8.8,"Action,Adventure,Drama",2002,"2002,2h 59m,PG-13"
"Germany,United States",Germany,United States,,David Fincher,,,David Fincher,,An insomniac office worker and a devil-may-care soap maker form an underground fight club that evolves into much more., Fight Club,12,R,2h 19m,8.8,Drama,1999,"1999,2h 19m,R"
United States,United States,,,James Cameron,,,James Cameron,,"A cyborg, identical to the one who failed to kill Sarah Connor, must now protect her ten year old son John from an even more advanced and powerful cyborg.", Terminator 2: Judgment Day,29,R,2h 17m,8.6,"Action,Sci-Fi",1991,"1991,2h 17m,R"
