movie_name,ranking,director,score,score_num,tag,year,country,actor
肖申克的救赎,1,弗兰克・德拉邦特 Frank Darabont,9.6,1180373,犯罪 剧情,1994,美 国,蒂姆・罗宾斯 Tim Robbins /...
霸王别姬,2,陈凯歌 Kaige Chen,9.6,865782,剧情 爱情 同性,1993,中 国 大 陆   香 港, 张国荣 Leslie Cheung / 张丰毅 Fengyi Zha...
这个杀手不太冷,3,吕克・贝松 Luc Besson,9.4,1087860,剧情 动作 犯罪,1994,法 国, 让・雷诺 Jean Reno / 娜塔莉・波特曼 ...
阿甘正传,4,Robert Zemeckis,9.4,930580,剧情 爱情,1994,美 国, Tom Hanks / Robin Wright Penn / Gary Sinise
美丽人生,5,罗伯托・贝尼尼 Roberto Benigni,9.5,543540,剧情 喜剧 爱情 战争,1997,意 大 利, 罗伯托・贝尼尼 Roberto Beni...
泰坦尼克号,6,詹姆斯・卡梅隆 James Cameron,9.3,866933,剧情 爱情 灾难,1997,美 国, 莱昂纳多・迪卡普里奥 Leonardo...
千与千寻,7,宫崎骏 Hayao Miyazaki,9.3,861140,剧情 动画 奇幻,2001,日 本, 艾美 Rumi H?ragi / 入野自由 Miy...
辛德勒的名单,8,史蒂文・斯皮尔伯格 Steven Spielberg,9.5,489404,剧情 历史 战争,1993,美 国, 连姆・尼森 Liam Neeson...
盗梦空间,9,克里斯托弗・诺兰 Christopher Nolan,9.3,950691,剧情 科幻 悬疑 冒险,2010,美 国   英 国, 莱昂纳多・迪卡普里奥 Le...
机器人总动员,10,安德鲁・斯坦顿 Andrew Stanton,9.3,629607,爱情 科幻 动画 冒险,2008,美 国, 本・贝尔特 Ben Burtt / 艾丽...
忠犬八公的故事,11,莱塞・霍尔斯道姆 Lasse Hallstr?m,9.3,611924,剧情,2009,美 国   英 国, 理查・基尔 Richard Ger...
三傻大闹宝莱坞,12,拉库马・希拉尼 Rajkumar Hirani,9.2,850502,剧情 喜剧 爱情 歌舞,2009,印 度, 阿米尔・汗 Aamir Khan / 卡...
海上钢琴师,13,朱塞佩・托纳多雷 Giuseppe Tornatore,9.2,711685,剧情 音乐,1998,意 大 利, 蒂姆・罗斯 Tim Roth / ...
放牛班的春天,14,克里斯托夫・巴拉蒂 Christophe Barratier,9.2,583385,剧情 音乐,2004,法 国   瑞 士   德 国, 杰拉尔・朱诺 Géra...
大话西游之大圣娶亲,15,刘镇伟 Jeffrey Lau,9.2,642416,喜剧 爱情 奇幻 冒险,1995,香 港   中 国 大 陆, 周星驰 Stephen Chow / 吴孟达 Man Tat Ng...
楚门的世界,16,彼得・威尔 Peter Weir,9.2,622250,剧情 科幻,1998,美 国, 金・凯瑞 Jim Carrey / 劳拉・琳妮 Lau...
教父,17,弗朗西斯・福特・科波拉 Francis Ford Coppola,9.2,431229,剧情 犯罪,1972,美 国, 马龙・白兰度 M...
龙猫,18,宫崎骏 Hayao Miyazaki,9.1,527758,动画 奇幻 冒险,1988,日 本, 日高法子 Noriko Hidaka / 坂本千夏 Ch...
星际穿越,19,克里斯托弗・诺兰 Christopher Nolan,9.2,639584,剧情 科幻 冒险,2014,美 国   英 国   加 拿 大   冰 岛, 马修・麦康纳 Matthew Mc...
熔炉,20,黄东赫 Dong-hyuk Hwang,9.2,359618,剧情,2011,韩 国, 孔侑 Yoo Gong / 郑有美 Yu-mi Jeong ...
无间道,21,刘伟强 / 麦兆辉,9.1,527042,剧情 犯罪 悬疑,2002,香 港, 刘德华 / 梁朝伟 / 黄秋生
触不可及,22,奥利维・那卡什 Olivier Nakache / 艾力克・托兰达 Eric Toledano,9.2,458908,剧情 喜剧,2011,法 国,
当幸福来敲门,23,加布里尔・穆奇诺 Gabriele Muccino,9,685326,剧情 传记 家庭,2006,美 国, 威尔・史密斯 Will Smith ...
乱世佳人,24,维克多・弗莱明 Victor Fleming / 乔治・库克 George Cukor,9.2,328661,剧情 历史 爱情 战争,1939,美 国, 费...
怦然心动,25,罗伯・莱纳 Rob Reiner,9,736232,剧情 喜剧 爱情,2010,美 国, 玛德琳・卡罗尔 Madeline Carroll / 卡...
疯狂动物城,26,拜伦・霍华德 Byron Howard / 瑞奇・摩尔 Rich Moore,9.1,695550,喜剧 动画 冒险,2016,美 国, 金妮弗・...
天堂电影院,27,朱塞佩・托纳多雷 Giuseppe Tornatore,9.1,361524,剧情 爱情,1988,意 大 利   法 国, 安东娜拉・塔莉 Antonel...
蝙蝠侠：黑暗骑士,28,克里斯托弗・诺兰 Christopher Nolan,9.1,423394,剧情 动作 科幻 犯罪 惊悚,2008,美 国   英 国, 克里斯蒂安・贝尔 Christ...
活着,29,张艺谋 Yimou Zhang,9.1,350441,剧情 历史 家庭,1994,中 国 大 陆   香 港, 葛优 You Ge / 巩俐 Li Gong / 姜武 Wu Jiang
十二怒汉,30,Sidney Lumet,9.4,210886,剧情,1957,美 国, 亨利・方达 Henry Fonda / 马丁・鲍尔萨姆 Marti...
少年派的奇幻漂流,31,李安 Ang Lee,9,707424,剧情 奇幻 冒险,2012,美 国   台 湾   英 国   加 拿 大, 苏拉・沙玛 Suraj Sharma / 伊尔凡・可汗 Irrfan...
鬼子来了,32,姜文 Wen Jiang,9.2,292492,剧情 历史 战争,2000,中 国 大 陆, 姜文 Wen Jiang / 香川照之 Teruyuki Kagawa /...
指环王3：王者无敌,33,彼得・杰克逊 Peter Jackson,9.1,350144,剧情 动作 奇幻 冒险,2003,美 国   新 西 兰, 维果・莫腾森 Viggo Mortensen / ...
搏击俱乐部,34,大卫・芬奇 David Fincher,9,465614,剧情 动作 悬疑 惊悚,1999,美 国   德 国, 爱德华・诺顿 Edward Norton / 布拉...
天空之城,35,宫崎骏 Hayao Miyazaki,9,407152,动画 奇幻 冒险,1986,日 本, 田中真弓 Mayumi Tanaka / 横泽启子 Ke...
控方证人,36,比利・怀尔德 Billy Wilder,9.6,140431,剧情 犯罪 悬疑,1957,美 国, 查尔斯・劳顿 Charles Laughton / ...
飞屋环游记,37,彼特・道格特 Pete Docter / 鲍勃・彼德森 Bob Peterson,8.9,621174,剧情 喜剧 动画 冒险,2009,美 国, 爱德...
大话西游之月光宝盒,38,刘镇伟 Jeffrey Lau,8.9,516545,喜剧 爱情 奇幻 冒险,1995,香 港   中 国 大 陆, 周星驰 Stephen Chow / 吴孟达 Man Tat Ng...
罗马假日,39,威廉・惠勒 William Wyler,9,472247,喜剧 剧情 爱情,1953,美 国, 奥黛丽・赫本 Audrey Hepburn / 格...
窃听风暴,40,弗洛里安・亨克尔・冯・多纳斯马 Florian Henckel von Donnersmarck,9.1,279013,剧情 悬疑,2006,德 国,
摔跤吧！爸爸,41,涅提・蒂瓦里 Nitesh Tiwari,9.1,622150,剧情 传记 运动 家庭,2016,印 度, 阿米尔・汗 Aamir Khan / 法缇玛...
两杆大烟枪,42,Guy Ritchie,9.1,319698,剧情 喜剧 犯罪,1998,英 国, Jason Flemyng / Dexter Fletcher / Nick Moran
辩护人,43,杨宇硕 Woo-seok Yang,9.2,275827,剧情,2013,韩 国, 宋康昊 Kang-ho Song / 吴达洙 Dal-su O...
闻香识女人,44,马丁・布莱斯 Martin Brest,9,400124,剧情,1992,美 国, 阿尔・帕西诺 Al Pacino / 克里斯...
飞越疯人院,45,米洛斯・福尔曼 Milo? Forman,9,323532,剧情,1975,美 国, 杰克・尼科尔森 Jack Nichols...
哈尔的移动城堡,46,宫崎骏 Hayao Miyazaki,8.9,440087,动画 奇幻 冒险,2004,日 本, 倍赏千惠子 Chieko Baish? / 木村拓...
死亡诗社,47,彼得・威尔 Peter Weir,9,343625,剧情,1989,美 国, 罗宾・威廉姆斯 Robin Williams / 罗伯...
V字仇杀队,48,詹姆斯・麦克特格 James McTeigue,8.8,519202,剧情 动作 科幻 惊悚,2005,美 国   英 国   德 国, 娜塔莉・波特曼 Natalie Por...
海豚湾,49,Louie Psihoyos,9.3,212777,纪录片,2009,美 国, John Chisholm / Mandy-Rae Cruikshank / Char...
教父2,50,弗朗西斯・福特・科波拉 Francis Ford Coppola,9.1,233084,剧情 犯罪,1974,美 国, 阿尔・帕西诺 A...
指环王2：双塔奇兵,51,彼得・杰克逊 Peter Jackson,9,328420,剧情 动作 奇幻 冒险,2002,美 国   新 西 兰, 伊利亚・伍德 Elijah Wood / 西恩...
指环王1：魔戒再现,52,彼得・杰克逊 Peter Jackson,8.9,367789,剧情 动作 奇幻 冒险,2001,新 西 兰   美 国, 伊利亚・伍德 Elijah Wood / 西恩...
美丽心灵,53,朗・霍华德 Ron Howard,8.9,366630,传记 剧情,2001,美 国, 罗素・克劳 Russell Crowe / 艾德・哈...
饮食男女,54,李安 Ang Lee,9.1,251857,剧情 家庭,1994,台 湾   美 国, 郎雄 Sihung Lung / 杨贵媚 Kuei-Mei Yang / 吴...
情书,55,岩井俊二 Shunji Iwai,8.8,449034,剧情 爱情,1995,日 本, 中山美穗 Miho Nakayama / 丰川悦司 Ets...
素媛,56,李F益 Jun-ik Lee,9.1,236386,剧情,2013,韩 国, 薛景求 Kyung-gu Sol / 严志媛 Ji-won Uhm ...
狮子王,57,Roger Allers / 罗伯・明可夫 Rob Minkoff,8.9,344760,剧情 动画 冒险 歌舞 家庭,1994,美 国, 乔纳森・泰勒・托马...
美国往事,58,赛尔乔・莱翁内 Sergio Leone,9.1,208869,犯罪 剧情,1984,意 大 利   美 国, 罗伯特・德尼罗 Robert De Niro ...
钢琴家,59,罗曼・波兰斯基 Roman Polanski,9.1,241988,剧情 传记 历史 战争 音乐,2002,法 国   德 国   英 国   波 兰, 艾德里安・布洛迪 Adrien Brod...
小鞋子,60,马基德・马基迪 Majid Majidi,9.2,174078,剧情 家庭 儿童,1997,伊 朗, Amir Farrokh Hashemian / 默罕...
七宗罪,61,大卫・芬奇 David Fincher,8.8,506918,剧情 犯罪 悬疑 惊悚,1995,美 国, 摩根・弗里曼 Morgan Freeman / 布...
被嫌弃的松子的一生,62,中岛哲也 Tetsuya Nakashima,8.9,362445,剧情 歌舞,2006,日 本, 中谷美纪 Miki Nakatani / 瑛太 E...
致命魔术,63,克里斯托弗・诺兰 Christopher Nolan,8.8,413375,剧情 悬疑 惊悚,2006,美 国   英 国, 休・杰克曼 Hugh Jackman...
天使爱美丽,64,让-皮埃尔・热内 Jean-Pierre Jeunet,8.7,564827,喜剧 爱情,2001,法 国   德 国, 奥黛丽・塔图 Audrey Tau...
本杰明・巴顿奇事,65,大卫・芬奇 David Fincher,8.8,470113,剧情 爱情 奇幻,2008,美 国, 凯特・布兰切特 Cate Blanchett / ...
西西里的美丽传说,66,朱塞佩・托纳多雷 Giuseppe Tornatore,8.8,435718,剧情 战争 情色,2000,意 大 利   美 国, 莫妮卡・贝鲁奇 Monica ...
黑客帝国,67,安迪・沃卓斯基 Andy Wachowski / 拉娜・沃卓斯基 Lana Wachowski,8.9,345237,动作 科幻,1999,美 国   澳 大 利 亚,
让子弹飞,68,姜文 Wen Jiang,8.7,763493,剧情 喜剧 动作 西部,2010,中 国 大 陆   香 港, 姜文 Wen Jiang / 葛优 You Ge / 周润发 Yun-F...
拯救大兵瑞恩,69,史蒂文・斯皮尔伯格 Steven Spielberg,8.9,294635,剧情 历史 战争,1998,美 国, 汤姆・汉克斯 Tom Hanks...
音乐之声,70,Robert Wise,8.9,276282,剧情 传记 爱情 歌舞,1965,美 国, 朱丽・安德鲁斯 Julie Andrews / 克里斯托弗・普...
看不见的客人,71,奥里奥尔・保罗 Oriol Paulo,8.7,459078,剧情 犯罪 悬疑 惊悚,2016,西 班 牙, 马里奥・卡萨斯 Mario Casas / 阿...
末代皇帝,72,贝纳尔多・贝托鲁奇 Bernardo Bertolucci,9,231358,剧情 传记 历史,1987,英 国   意 大 利   中 国 大 陆   法 国   美 国, 尊龙 John Lone / 陈...
低俗小说,73,昆汀・塔伦蒂诺 Quentin Tarantino,8.8,404083,剧情 喜剧 犯罪,1994,美 国, 约翰・特拉沃尔塔 John Tra...
勇敢的心,74,梅尔・吉布森 Mel Gibson,8.8,338926,动作 传记 剧情 历史 战争,1995,美 国, 梅尔・吉布森 Mel Gibson / 苏菲・玛...
剪刀手爱德华,75,Tim Burton,8.7,571269,剧情 奇幻 爱情,1990,美 国, 约翰尼・德普 Johnny Depp / 薇诺娜・瑞德 Winona ...
沉默的羔羊,76,乔纳森・戴米 Jonathan Demme,8.8,414168,剧情 犯罪 惊悚,1991,美 国, 朱迪・福斯特 Jodie Foster / 安...
大闹天宫,77,万籁鸣 Laiming Wan / 唐澄 Cheng  Tang,9.3,132532,动画 奇幻,1961,中 国 大 陆, 邱岳峰 Yuefeng Qiu /...
蝴蝶效应,78,埃里克・布雷斯 Eric Bress / J・麦基・格鲁伯 J. Mackye Gruber,8.7,454592,剧情 悬疑 科幻 惊悚,2004,美 国   加 拿 大,
春光乍泄,79,王家卫 Kar Wai Wong,8.8,297860,剧情 爱情 同性,1997,香 港   日 本   韩 国, 张国荣 Leslie Cheung / 梁朝伟 Tony Leu...
入殓师,80,泷田洋二郎 Y?jir? Takita,8.8,357997,剧情,2008,日 本, 本木雅弘 Masahiro Motoki / ...
心灵捕手,81,格斯・范・桑特 Gus Van Sant,8.8,328852,剧情,1997,美 国, 马特・达蒙 Matt Damon / 罗宾・...
哈利・波特与魔法石,82,Chris Columbus,8.8,334952,奇幻 冒险,2001,美 国   英 国, Daniel Radcliffe / Emma Watson / Rupert Grint
玛丽和马克思,83,亚当・艾略特 Adam Elliot,8.9,260026,剧情 动画,2009,澳 大 利 亚, 托妮・科莱特 Toni Collette / 菲利...
布达佩斯大饭店,84,韦斯・安德森 Wes Anderson,8.8,393686,剧情 喜剧 冒险,2014,美 国   德 国   英 国, 拉尔夫・费因斯 Ralph Fiennes / ...
阳光灿烂的日子,85,姜文 Wen Jiang,8.8,323369,剧情,1994,中 国 大 陆   香 港, 夏雨 Yu Xia / 宁静 Jing Ning / 陶虹 Hong Tao
禁闭岛,86,Martin Scorsese,8.7,434545,剧情 悬疑 惊悚,2010,美 国, 莱昂纳多・迪卡普里奥 Leonardo DiCaprio / ...
猫鼠游戏,87,史蒂文・斯皮尔伯格 Steven Spielberg,8.8,293903,传记 犯罪 剧情,2002,美 国   加 拿 大, 莱昂纳多・迪卡普里奥 L...
幽灵公主,88,宫崎骏 Hayao Miyazaki,8.8,276399,动画 奇幻 冒险,1997,日 本, 松田洋治 Y?ji Matsuda / 石田百合...
第六感,89,M・奈特・沙马兰 M. Night Shyamalan,8.8,276723,剧情 悬疑 惊悚,1999,美 国, 布鲁斯・威利斯 Bruce Wi...
重庆森林,90,王家卫 Kar Wai Wong,8.7,393859,剧情 爱情,1994,香 港, 林青霞 Brigitte Lin / 金城武 Takeshi K...
狩猎,91,托马斯・温特伯格 Thomas Vinterberg,9.1,162387,剧情,2012,丹 麦   瑞 典, 麦斯・米科尔森 Mads Mik...
致命ID,92,James Mangold,8.7,380260,剧情 悬疑 惊悚,2003,美 国, John Cusack / Ray Liotta / Amanda Peet
断背山,93,李安 Ang Lee,8.7,378120,剧情 爱情 同性 家庭,2005,美 国   加 拿 大, 希斯・莱杰 Heath Ledger / 杰克・吉伦哈尔 Jake...
穿条纹睡衣的男孩,94,马克・赫门 Mark Herman,8.9,189602,剧情 战争,2008,英 国   美 国, 阿沙・巴特菲尔德 Asa Butterfield / ...
大鱼,95,蒂姆・波顿 Tim Burton,8.7,296217,剧情 家庭 奇幻 冒险,2003,美 国, 伊万・麦克格雷格 Ewan McGregor / 阿...
加勒比海盗,96,戈尔・维宾斯基 Gore Verbinski,8.6,416285,动作 冒险 奇幻,2003,美 国, 约翰尼・德普 Johnny Depp / ...
阿凡达,97,詹姆斯・卡梅隆 James Cameron,8.6,627834,动作 战争 科幻 冒险,2009,美 国   英 国, 萨姆・沃辛顿 Sam Worthington ...
告白,98,中岛哲也 Tetsuya Nakashima,8.7,400735,剧情 惊悚,2010,日 本, 松隆子 Takako Matsu / 冈田将生 ...
摩登时代,99,查理・卓别林 Charles Chaplin,9.2,112159,喜剧 剧情 爱情,1936,美 国, 查理・卓别林 Charles Chaplin ...
一一,100,杨德昌 Edward Yang,8.9,180749,剧情 爱情 家庭,2000,台 湾   日 本, 吴念真 / 李凯莉 Kelly Lee / 金燕玲 Elai...
甜蜜蜜,101,陈可辛 Peter Chan,8.8,265811,剧情 爱情,1996,香 港, 黎明 Leon Lai / 张曼玉 Maggie Cheung / ...
射雕英雄传之东成西就,102,刘镇伟 Jeffrey Lau,8.7,321713,喜剧 古装,1993,香 港, 梁朝伟 Tony Leung Chiu Wai / 林青霞 Bri...
阳光姐妹淘,103,姜炯哲 Hyeong-Cheol Kang,8.8,317046,剧情 喜剧,2011,韩 国, 沈恩京 Eun-kyung Shim / 闵孝琳 Hy...
消失的爱人,104,大卫・芬奇 David Fincher,8.7,428073,剧情 犯罪 悬疑 惊悚,2014,美 国, 本・阿弗莱克 Ben Affleck / 罗莎蒙...
爱在黎明破晓前,105,理查德・林克莱特 Richard Linklater,8.7,264107,剧情 爱情,1995,美 国   奥 地 利   瑞 士, 伊桑・霍克 Ethan Hawke ...
上帝之城,106,Kátia Lund / Fernando Meirelles,8.9,177072,犯罪 剧情,2002,巴 西   法 国, Alexandre Rodrigues / Lea...
侧耳倾听,107,近藤喜文 Yoshifumi Kondo,8.8,204501,剧情 爱情 动画,1995,日 本, 本名阳子 Youko Honna / 小林桂树 K...
爱在日落黄昏时,108,理查德・林克莱特 Richard Linklater,8.8,233603,剧情 爱情,2004,美 国, 伊桑・霍克 Ethan Hawke ...
风之谷,109,宫崎骏 Hayao Miyazaki,8.8,204938,动画 奇幻 冒险,1984,日 本, 岛本须美 Sumi Shimamoto / 松田洋治 Y...
超脱,110,托尼・凯耶 Tony Kaye,8.8,209988,剧情,2011,美 国, 艾德里安・布洛迪 Adrien Brody / 马西...
小森林 夏秋篇,111,森淳一 Junichi Mori,8.9,171009,剧情,2014,日 本, 桥本爱 Ai Hashimoto / 三浦贵大 Takahir...
喜剧之王,112,周星驰 Stephen Chow / 李力持 Lik-Chi Lee,8.6,384831,喜剧 剧情 爱情,1999,香 港, 周星驰 Stephen Ch...
倩女幽魂,113,程小东 Siu-Tung Ching,8.6,312625,剧情 爱情 武侠 古装,1987,香 港, 张国荣 Leslie Cheung / 王祖贤 Joey W...
恐怖直播,114,金秉v Byeong-woo Kim,8.7,276100,剧情 犯罪 悬疑,2013,韩 国, 河正宇 Jung-woo Ha / 李Z荣 Kyeong-y...
红辣椒,115,今敏 Satoshi Kon,8.9,164178,动画 悬疑 科幻 惊悚,2006,日 本, 林原惠美 Megumi Hayashibara / 古谷彻 T...
菊次郎的夏天,116,北野武 Takeshi Kitano,8.8,224413,剧情 喜剧,1999,日 本, 北野武 Takeshi Kitano / 关口雄介 Yus...
驯龙高手,117,迪恩・德布洛斯 Dean DeBlois / 克里斯・桑德斯 Chris Sanders,8.7,339633,喜剧 动画 奇幻 冒险,2010,美 国,...
幸福终点站,118,史蒂文・斯皮尔伯格 Steven Spielberg,8.7,261329,喜剧 剧情 爱情,2004,美 国, 汤姆・汉克斯 Tom Hanks...
神偷奶爸,119,皮艾尔・柯芬 Pierre Coffin / 克里斯・雷纳德 Chris Renaud,8.5,455962,喜剧 动画 冒险,2010,美 国   法 国, ...
借东西的小人阿莉埃蒂,120,米林宏昌 Hiromasa Yonebayashi,8.7,252770,动画 奇幻 冒险,2010,日 本, 志田未来 Mirai Shida / 神木...
岁月神偷,121,罗启锐 Alex Law,8.6,346142,剧情 家庭,2010,香 港   中 国 大 陆, 吴君如 Sandra Ng / 任达华 Simon Yam / 钟绍...
杀人回忆,122,奉俊昊 Joon-ho Bong,8.7,243513,犯罪 剧情 悬疑 惊悚,2003,韩 国, 宋康昊 Kang-ho Song / 金相庆 Sang-kyun...
七武士,123,黑泽明 Akira Kurosawa,9.2,91123,动作 冒险 剧情,1954,日 本, 三船敏郎 Toshir? Mifune / 志村乔 ...
萤火虫之墓,124,高x勋 Isao Takahata,8.7,233551,动画 剧情 战争,1988,日 本, 辰己努 / 白石绫乃 / 志乃原良子
怪兽电力公司,125,彼特・道格特 Pete Docter / 大卫・斯沃曼 David Silverman,8.6,290515,儿童 喜剧 动画 奇幻 冒险,2001,美 国, 约...
谍影重重3,126,保罗・格林格拉斯 Paul Greengrass,8.7,211145,动作 悬疑 惊悚,2007,美 国   德 国, 马特・达蒙 Matt Damon / ...
喜宴,127,李安 Ang Lee,8.8,163357,剧情 喜剧 爱情 同性 家庭,1993,台 湾   美 国, 赵文u Winston Chao / 郎雄 Sihung Lung / 归亚...
小森林 冬春篇,128,森淳一 Junichi Mori,9,147953,剧情,2015,日 本, 桥本爱 Ai Hashimoto / 三浦贵大 Takahir...
贫民窟的百万富翁,129,丹尼・鲍尔 Danny Boyle / 洛芙琳・坦丹 Loveleen Tandan,8.5,439612,剧情 爱情,2008,英 国   美 国, 戴夫...
电锯惊魂,130,詹姆斯・温 James Wan,8.7,228698,悬疑 惊悚 恐怖,2004,美 国, 雷・沃纳尔 Leigh Whannell / 加利・艾...
东邪西毒,131,王家卫 Kar Wai Wong,8.6,295770,剧情 动作 爱情 武侠 古装,1994,香 港   台 湾, 张国荣 Leslie Cheung / 林青霞 Brigitte...
请以你的名字呼唤我,132,卢卡・圭达尼诺 Luca Guadagnino,8.8,228357,剧情 爱情 同性,2017,意 大 利   法 国   巴 西   美 国, 蒂莫西・柴勒梅德 Timothée ...
记忆碎片,133,克里斯托弗・诺兰 Christopher Nolan,8.6,320777,犯罪 剧情 悬疑 惊悚,2000,美 国, 盖・皮尔斯 Guy Pearce /...
真爱至上,134,理查德・柯蒂斯 Richard Curtis,8.5,355539,喜剧 剧情 爱情,2003,英 国   美 国   法 国, 休・格兰特 Hugh Grant / 柯林...
黑天鹅,135,达伦・阿罗诺夫斯基 Darren Aronofsky,8.5,475405,剧情 惊悚,2010,美 国, 娜塔莉・波特曼 Natalie...
疯狂原始人,136,科克・德・米科 Kirk De Micco / 克里斯・桑德斯 Chris Sanders,8.7,427388,喜剧 动画 冒险,2013,美 国,
哈利・波特与死亡圣器(下),137,大卫・叶茨 David Yates,8.7,323000,剧情 悬疑 奇幻 冒险,2011,美 国   英 国, 丹尼尔・雷德克里夫 Daniel Radcliffe...
萤火之森,138,大森贵弘 Takahiro Omori,8.8,196052,剧情 爱情 动画 奇幻,2011,日 本, 佐仓绫音 Ayane Sakura / 内山昂辉 K...
7号房的礼物,139,李焕庆 Hwan-kyeong Lee,8.7,212914,剧情 喜剧 家庭,2013,韩 国, 柳承龙 Seung-yong Ryoo / 朴信惠 Shi...
雨人,140,巴瑞・莱文森 Barry Levinson,8.6,233269,剧情,1988,美 国, 达斯汀・霍夫曼 Dustin Hoffman ...
英雄本色,141,吴宇森 John Woo,8.6,209339,动作 犯罪,1986,香 港, 周润发 Yun-Fat Chow / 狄龙 Lung Ti / 张国...
卢旺达饭店,142,特瑞・乔治 Terry George,8.9,139677,剧情 历史 战争,2004,英 国   南 非   意 大 利   美 国, 唐・钱德尔 Don Cheadle / 苏菲・奥...
海洋,143,雅克・贝汉 Jacques Perrin / 雅克・克鲁奥德 Jacques Cluzaud,9,106736,纪录片,2009,法 国   瑞 士   西 班 牙   美 国   阿 联 酋,...
心迷宫,144,忻钰坤 Yukun Xin,8.7,218770,剧情 犯罪 悬疑,2014,中 国 大 陆, 霍卫民 Weimin Huo / 王笑天 Xiaotian Wang ...
超能陆战队,145,唐・霍尔 Don Hall / 克里斯・威廉姆斯 Chris Williams,8.6,443950,喜剧 动作 科幻 动画 冒险,2014,美 国, 斯科特...
唐伯虎点秋香,146,李力持 Lik-Chi Lee,8.5,407464,喜剧 爱情 古装,1993,香 港, 周星驰 Stephen Chow / 巩俐 Li Gong / 陈...
蝙蝠侠：黑暗骑士崛起,147,克里斯托弗・诺兰 Christopher Nolan,8.6,340876,剧情 动作 科幻 犯罪 惊悚,2012,美 国   英 国, 克里斯蒂安・贝尔 Christ...
荒蛮故事,148,达米安・斯兹弗隆 Damián Szifron,8.8,175163,剧情 喜剧 犯罪,2014,阿 根 廷   西 班 牙, 达里奥・葛兰帝内提 Darío...
傲慢与偏见,149,乔・怀特 Joe Wright,8.5,353789,剧情 爱情,2005,法 国   英 国   美 国, 凯拉・奈特莉 Keira Knightley / 马修・...
海边的曼彻斯特,150,肯尼斯・罗纳根 Kenneth Lonergan,8.6,240522,剧情 家庭,2016,美 国, 卡西・阿弗莱克 Casey Affle...
虎口脱险,151,杰拉尔・乌里 Gérard Oury,8.9,120690,喜剧 战争,1966,法 国   英 国, 路易・德・菲耐斯 Louis de Funès...
纵横四海,152,吴宇森 John Woo,8.7,178083,剧情 喜剧 动作 犯罪,1991,香 港, 周润发 Yun-Fat Chow / 张国荣 Leslie Cheung...
燃情岁月,153,爱德华・兹威克 Edward Zwick,8.7,164036,剧情 爱情 西部 家庭,1994,美 国, 安东尼・霍普金斯 Anthony Hopki...
教父3,154,弗朗西斯・福特・科波拉 Francis Ford Coppola,8.8,154566,剧情 犯罪,1990,美 国, 阿尔・帕西诺 A...
时空恋旅人,155,理查德・柯蒂斯 Richard Curtis,8.6,242353,剧情 爱情 奇幻,2013,英 国, 多姆纳尔・格利森 Domhnall Gl...
玩具总动员3,156,李・昂克里奇 Lee Unkrich,8.8,221550,喜剧 动画 奇幻 冒险,2010,美 国, 汤姆・汉克斯 Tom Hanks / 蒂姆・艾...
花样年华,157,王家卫 Kar Wai Wong,8.5,283783,剧情 爱情,2000,香 港, 梁朝伟 Tony Leung Chiu Wai / 张曼玉 Ma...
完美的世界,158,克林特・伊斯特伍德 Clint Eastwood,9,96631,剧情 犯罪,1993,美 国, 凯文・科斯特纳 Kevin Cos...
恋恋笔记本,159,尼克・卡索维茨 Nick Cassavetes,8.5,327721,剧情 爱情,2004,美 国, 瑞恩・高斯林 Ryan Gosling /...
无人知晓,160,是枝裕和 Hirokazu Koreeda,9.1,90016,剧情,2004,日 本, 柳乐优弥 Y?ya Yagira / 北浦爱...
达拉斯买家俱乐部,161,让-马克・瓦雷 Jean-Marc Vallée,8.7,217907,剧情 传记 同性,2013,美 国, 马修・麦康纳 Matthew McCon...
二十二,162,郭柯 Ke Guo,8.7,128413,纪录片,2015,中 国 大 陆,
雨中曲,163,Stanley Donen / Gene Kelly,9,105254,喜剧 歌舞 爱情,1952,美 国, Gene Kelly / Donald O'Connor / ...
魂断蓝桥,164,Mervyn LeRoy,8.8,144975,剧情 战争 爱情,1940,美 国, Vivien Leigh / Robert Taylor / Lucile Watson
猜火车,165,丹尼・博伊尔 Danny Boyle,8.5,275359,犯罪 剧情,1996,英 国, 伊万・麦克格雷格 Ewan McGregor / ...
血战钢锯岭,166,梅尔・吉布森 Mel Gibson,8.7,379862,剧情 传记 历史 战争,2016,美 国   澳 大 利 亚, 安德鲁・加菲尔德 Andrew Garfield /...
穿越时空的少女,167,细田守 Mamoru Hosoda,8.6,209064,剧情 爱情 科幻 动画,2006,日 本, 仲里依纱 Riisa Naka / 石田卓也 Takuya...
我是山姆,168,杰茜・尼尔森 Jessie Nelson,8.8,122671,剧情 家庭,2001,美 国, Sean Penn / Dakota Fanning / Mi...
冰川时代,169,卡洛斯・沙尔丹哈 Carlos Saldanha / 克里斯・韦奇 Chris Wedge,8.5,314939,喜剧 动画 冒险,2002,美 国,
人工智能,170,史蒂文・斯皮尔伯格 Steven Spielberg,8.6,218424,冒险 剧情 科幻,2001,美 国, 海利・乔・奥斯蒙 Haley...
爆裂鼓手,171,达米安・沙泽勒 Damien Chazelle,8.6,273468,剧情 音乐,2014,美 国, 迈尔斯・特勒 Miles Teller /...
浪潮,172,丹尼斯・甘塞尔 Dennis Gansel,8.7,150740,剧情 惊悚,2008,德 国, 尤尔根・沃格尔 Jürgen Vogel ...
未麻的部屋,173,今敏 Satoshi Kon,8.8,117124,动画 奇幻 惊悚,1997,日 本, 岩男润子 Junko Iwao / 松本梨香 Rica Matsu...
罗生门,174,黑泽明 Akira Kurosawa,8.7,146462,犯罪 剧情 悬疑,1950,日 本, 三船敏郎 Toshir? Mifune / 千秋实 ...
朗读者,175,史蒂芬・戴德利 Stephen Daldry,8.5,303329,剧情 爱情,2008,美 国   德 国, 凯特・温丝莱特 Kate Winslet ...
被解救的姜戈,176,昆汀・塔伦蒂诺 Quentin Tarantino,8.6,295802,剧情 动作 西部 冒险,2012,美 国, 杰米・福克斯 Jamie Foxx /...
头脑特工队,177,彼特・道格特 Pete Docter / 罗纳尔多・德尔・卡门 Ronaldo Del Carmen??&nb...,8.7,272309,喜剧 动画 冒险,2015,美 国,导演: 彼特・道格特 Pete Docter / 罗纳尔多・德尔・卡门 Ronaldo Del Carmen??&nb...
香水,178,汤姆・提克威 Tom Tykwer,8.4,312861,剧情 犯罪 奇幻,2006,德 国   法 国   西 班 牙   美 国, 本・卫肖 Ben Whishaw / 艾伦・瑞克...
阿飞正传,179,王家卫 Kar Wai Wong,8.5,241082,犯罪 剧情 爱情,1990,香 港, 张国荣 Leslie Cheung / 张曼玉 Maggie C...
你的名字。,180,新海诚 Makoto Shinkai,8.4,577410,剧情 爱情 动画,2016,日 本, 神木隆之介 Ry?nosuke Kamiki / 上...
可可西里,181,陆川 Chuan Lu,8.7,147343,剧情 犯罪,2004,中 国 大 陆   香 港, 多布杰 Duobujie / 张磊 Lei Zhang / 亓亮 Qi L...
恐怖游轮,182,克里斯托弗・史密斯 Christopher Smith,8.4,377913,剧情 悬疑 惊悚,2009,英 国   澳 大 利 亚, 梅利莎・乔治 Melissa ...
房间,183,伦尼・阿伯拉罕森 Lenny Abrahamson,8.8,185926,剧情 家庭,2015,爱 尔 兰   加 拿 大   英 国   美 国, 布丽・拉尔森 Brie Larson...
一次别离,184,阿斯哈・法哈蒂  Asghar Farhadi,8.7,148795,剧情 家庭,2011,伊 朗   法 国, 佩曼・莫阿迪 Peyman Moadi /...
战争之王,185,安德鲁・尼科尔 Andrew Niccol,8.6,194450,剧情 犯罪,2005,美 国   法 国, 尼古拉斯・凯奇 Nicolas Cage /...
追随,186,克里斯托弗・诺兰 Christopher Nolan,8.9,92716,犯罪 悬疑 惊悚,1998,英 国, 杰里米・西奥伯德 Jeremy...
撞车,187,保罗・哈吉斯 Paul Haggis,8.6,193666,犯罪 剧情,2004,美 国   德 国, 桑德拉・布洛克 Sandra Bullock / ...
模仿游戏,188,莫腾・泰杜姆 Morten Tyldum,8.6,296514,剧情 传记 战争 同性,2014,英 国   美 国, 本尼迪克特・康伯巴奇 Benedict C...
一个叫欧维的男人决定去死,189,汉内斯・赫尔姆 Hannes Holm,8.8,149718,剧情,2015,瑞 典, 罗夫・拉斯加德 Rolf Lassg?rd...
忠犬八公物语,190,Seijir? K?yama,9,73389,剧情,1987,日 本, 山本圭 Kei Yamamoto / 井川比佐志 Hisa...
地球上的星星,191,阿米尔・汗 Aamir Khan,8.9,98350,剧情 儿童 家庭,2007,印 度, 达席尔・萨法瑞 Darsheel Safary / 阿...
魔女宅急便,192,宫崎骏 Hayao Miyazaki,8.5,224905,动画 奇幻 冒险,1989,日 本, 高山南 Minami Takayama / 佐久间玲 Re...
完美陌生人,193,保罗・格诺维瑟 Paolo Genovese,8.6,246188,剧情 喜剧,2016,意 大 利, 马可・贾利尼 Marco Giallini ...
谍影重重,194,道格・里曼 Doug Liman,8.5,220182,动作 悬疑 惊悚,2002,美 国   德 国   捷 克, 马特・达蒙 Matt Damon / 弗兰卡・波坦...
谍影重重2,195,保罗・格林格拉斯 Paul Greengrass,8.6,182831,动作 悬疑 惊悚,2004,美 国   德 国, 马特・达蒙 Matt Damon / ...
牯岭街少年杀人事件,196,杨德昌 Edward Yang,8.8,123107,剧情 犯罪,1991,台 湾, 张震 Chen Chang / 杨静怡 Lisa Yang / 张...
哪吒闹海,197,严定宪 Dingxian Yan / 王树忱 Shuchen Wang,8.9,96071,冒险 动画 奇幻,1979,中 国 大 陆, 梁正晖 Zhenghui ...
梦之安魂曲,198,达伦・阿伦诺夫斯基 Darren Aronofsky,8.7,125885,剧情,2000,美 国, 艾伦・伯斯汀 Ellen Bur...
青蛇,199,徐克 Hark Tsui,8.5,256265,剧情 奇幻 古装,1993,香 港, 张曼玉 Maggie Cheung / 王祖贤 Joey Wang / ...
惊魂记,200,Alfred Hitchcock,8.9,97964,悬疑 惊悚 恐怖,1960,美 国, Janet Leigh / Anthony Perkins / Vera Miles
黑客帝国3：矩阵革命,201,Andy Wachowski / Larry Wachowski,8.6,181129,动作 科幻,2003,美 国   澳 大 利 亚, Keanu Reeves / Laurence F...
小萝莉的猴神大叔,202,卡比尔・汗 Kabir Khan,8.5,201830,剧情 喜剧 动作,2015,印 度, 萨尔曼・汗 Salman Khan / 哈莎莉・马...
再次出发之纽约遇见你,203,约翰・卡尼 John Carney,8.5,200726,喜剧 爱情 音乐,2013,美 国, 凯拉・奈特莉 Keira Knightley / 马克...
东京物语,204,小津安二郎 Yasujir? Ozu,9.2,59840,剧情 家庭,1953,日 本, 笠智众 Chish? Ry? / 原节...
新龙门客栈,205,李惠民 Raymond Lee,8.5,213122,剧情 动作 武侠 古装,1992,香 港   中 国 大 陆, 张曼玉 Maggie Cheung / 林青霞 Brigitte ...
海街日记,206,是枝裕和 Hirokazu Koreeda,8.7,164272,剧情 家庭,2015,日 本, 绫濑遥 Haruka Ayase / 长泽雅美 M...
步履不停,207,是枝裕和 Hirokazu Koreeda,8.8,104186,剧情 家庭,2008,日 本, 阿部宽 Hiroshi Abe / 夏川结衣 Yu...
源代码,208,邓肯・琼斯 Duncan Jones,8.4,452814,科幻 悬疑 惊悚,2011,美 国   加 拿 大, 杰克・吉伦哈尔 Jake Gyllenhaal / ...
终结者2：审判日,209,詹姆斯・卡梅隆 James Cameron,8.6,160932,动作 科幻,1991,美 国   法 国, 阿诺・施瓦辛格 Arnold Schwarz...
绿里奇迹,210,Frank Darabont,8.7,121819,犯罪 剧情 奇幻 悬疑,1999,美 国, 汤姆・汉克斯 Tom Hanks / 大卫・摩斯 David M...
末路狂花,211,雷德利・斯科特 Ridley Scott,8.7,118536,犯罪 剧情 惊悚,1991,美 国   法 国, 吉娜・戴维斯 Geena Davis / 苏...
初恋这件小事,212,普特鹏・普罗萨卡・那・萨克那卡林 Puttipong Promsaka Na Sakolnakorn / 华森・波克彭...,8.3,525267,剧情 喜剧 爱情,2010,泰 国,导演: 普特鹏・普罗萨卡・那・萨克那卡林 Puttipong Promsaka Na Sakolnakorn / 华森・波克彭...
无敌破坏王,213,瑞奇・莫尔 Rich Moore,8.7,214035,喜剧 动画 奇幻 冒险,2012,美 国, 约翰・C・赖利 John C. Reilly / 萨拉...
秒速5厘米,214,新海诚 Makoto Shinkai,8.3,345024,动画 剧情 爱情,2007,日 本, 水桥研二 Kenji Mizuhashi / 近藤好美 ...
城市之光,215,Charles Chaplin,9.2,52455,喜剧 剧情 爱情,1931,美 国, 查理・卓别林 Charles Chaplin / 弗吉尼亚・...
无耻混蛋,216,Quentin Tarantino,8.5,250242,剧情 犯罪,2009,美 国   德 国, 布拉德・皮特 Brad Pitt / 梅拉尼・罗兰 M...
爱在午夜降临前,217,理查德・林克莱特 Richard Linklater,8.8,135360,剧情 爱情,2013,美 国, 伊桑・霍克 Ethan Hawke ...
这个男人来自地球,218,理查德・沙因克曼 Richard Schenkman,8.5,207040,剧情 科幻,2007,美 国, 大卫・李・史密斯 David ...
碧海蓝天,219,Luc Besson,8.7,114691,剧情 爱情,1988,法 国   美 国   意 大 利, 让-马克・巴尔 Jean-Marc Barr / 让・雷诺 Jean Re...
疯狂的石头,220,宁浩 Hao Ning,8.3,363666,喜剧 犯罪,2006,中 国 大 陆   香 港, 郭涛 Tao Guo / 刘桦 Hua Liu / 连晋 Teddy Lin
勇闯夺命岛,221,迈克尔・贝 Michael Bay,8.6,158093,动作 冒险,1996,美 国, 肖恩・康纳利 Sean Connery / 尼古拉...
E.T. 外星人,222,Steven Spielberg,8.5,175661,剧情 科幻,1982,美 国, Henry Thomas / Dee Wallace / Robert MacNa...
变脸,223,吴宇森 John Woo,8.4,238139,动作 科幻 犯罪 惊悚,1997,美 国, 约翰・特拉沃尔塔 John Travolta / 尼古拉斯...
卡萨布兰卡,224,Michael Curtiz,8.6,139365,剧情 爱情 战争,1942,美 国, 亨弗莱・鲍嘉 Humphrey Bogart / 英格丽・褒曼...
海盗电台,225,理查德・柯蒂斯 Richard Curtis,8.6,179279,剧情 喜剧 音乐,2009,英 国   德 国   法 国, 比尔・奈伊 Bill Nighy / 肯尼...
发条橙,226,Stanley Kubrick,8.5,205641,犯罪 剧情 科幻,1971,英 国   美 国, Malcolm McDowell / Patrick Magee / Michael...
黄金三镖客,227,Sergio Leone,9.1,59180,冒险 西部,1966,意 大 利   西 班 牙   西 德, Clint Eastwood / Eli Wallach / Lee Van Cleef
彗星来的那一夜,228,詹姆斯・沃德・布柯特 James Ward Byrkit,8.4,215607,科幻 悬疑 惊悚,2013,美 国   英 国, 艾米丽・芭尔多尼 Em...
美国丽人,229,萨姆・门德斯 Sam Mendes,8.5,206452,剧情 爱情 家庭,1999,美 国, 凯文・史派西 Kevin Spacey / 安妮特...
聚焦,230,托马斯・麦卡锡 Thomas McCarthy,8.8,146736,剧情 传记,2015,美 国, 马克・鲁弗洛 Mark Ruffalo /...
血钻,231,爱德华・兹威克 Edward Zwick,8.5,154079,剧情 惊悚 冒险,2006,美 国   德 国, 莱昂纳多・迪卡普里奥 Leonardo ...
荒野生存,232,西恩・潘 Sean Penn,8.6,141848,冒险 传记 剧情,2007,美 国, 埃米尔・赫斯基 Emile Hirsch / 马西娅・...
国王的演讲,233,汤姆・霍珀 Tom Hooper,8.3,379697,剧情 传记 历史,2010,英 国   澳 大 利 亚   美 国, 柯林・菲尔斯 Colin Firth / 杰弗里・...
非常嫌疑犯,234,布莱恩・辛格 Bryan Singer,8.6,134082,剧情 犯罪 悬疑 惊悚,1995,德 国   美 国, 史蒂芬・鲍德温 Stephen Baldwin /...
英国病人,235,安东尼・明格拉 Anthony Minghella,8.5,189875,爱情 剧情 战争,1996,美 国   英 国, 拉尔夫・费因斯 Ralph Fien...
迁徙的鸟,236,雅克・贝汉 Jacques Perrin / 雅克・克鲁奥德 Jacques Cluzaud,9.1,55855,纪录片,2001,法 国   德 国   意 大 利   西 班 牙   瑞 士,
黑鹰坠落,237,雷德利・斯科特 Ridley Scott,8.6,134839,动作 历史 战争,2001,美 国, 乔什・哈奈特 Josh Hartnett / ...
我爱你,238,秋昌民 Chang-min Choo,9,67364,剧情 爱情,2011,韩 国, 宋在河 Jae-ho Song / 李顺载 Soon-jae...
勇士,239,加文・欧康诺 Gavin O'Connor,8.9,95780,剧情 运动 家庭,2011,美 国, 汤姆・哈迪 Tom Hardy / 乔尔・...
遗愿清单,240,罗伯・莱纳 Rob Reiner,8.5,150315,冒险 喜剧 剧情,2007,美 国, 杰克・尼科尔森 Jack Nicholson / 摩根...
荒岛余生,241,罗伯特・泽米吉斯 Robert Zemeckis,8.5,154409,冒险 剧情,2000,美 国, 汤姆・汉克斯 Tom Hanks / ...
燕尾蝶,242,岩井俊二 Shunji Iwai,8.6,114941,犯罪 剧情,1996,日 本, 恰拉 Chara / 伊藤步 Ayumi Ito / 三上...
枪火,243,杜琪峰 Johnnie To,8.7,112357,剧情 动作 犯罪,1999,香 港, 吴镇宇 Francis Ng / 任达华 Simon Yam / ...
2001太空漫游,244,斯坦利・库布里克 Stanley Kubrick,8.7,110057,科幻 惊悚 冒险,1968,英 国   美 国, 凯尔・杜拉 Keir Dullea / ...
叫我第一名,245,彼得・维纳 Peter Werner,8.6,119634,剧情 传记,2008,美 国, 詹姆斯・沃克 James Wolk / 特里特・...
穆赫兰道,246,大卫・林奇 David Lynch,8.3,259228,剧情 悬疑 惊悚,2001,法 国   美 国, 娜奥米・沃茨 Naomi Watts / 劳拉・哈...
千钧一发,247,安德鲁・尼科尔 Andrew Niccol,8.7,99536,剧情 科幻 惊悚,1997,美 国, 伊桑・霍克 Ethan Hawke / 乌玛...
上帝也疯狂,248,Jamie Uys,8.7,105343,喜剧,1980,博 茨 瓦 纳   南 非, Marius Weyers / Sandra Prinsloo / N!xau
大卫・戈尔的一生,249,Alan Parker,8.6,109013,剧情 犯罪 悬疑,2003,美 国   德 国   英 国, 凯文・史派西 Kevin Spacey / 凯特・温丝莱特 Kat...
蓝色大门,250,易智言 Chih-yen Yee,8.3,293893,剧情 爱情 同性,2002,台 湾   法 国, 陈柏霖 Bo-lin Chen / 桂纶镁 Lunmei Kwa...
